Year,COMMENT_OBS,Value
2001,Source: Poverty Income and Consumption Expenditure Survey (PICES) 2001/02. Poverty line is absolute. Government estimate.,32.2
2011,Source: Poverty Income and Consumption Expenditure Survey (PICES) 2011/12.. Poverty line is absolute. Government estimate.,22.5
2017,Source: Poverty Income and Consumption Expenditure Survey (PICES) 2017.. Poverty line is absolute. Government estimate.,30.4
2019,Source: Mini-PICES 2019 (April/ May 2019). Poverty line is absolute. Government estimate.,38.3
