Year,COMMENT_OBS,SDG Series,Unit of measure,Value
2005,Disclaimer: The data being submitted by UNDRR has been extracted from two sources: (a) the Sendai Framework Monitoring System as provided by designated national focal points; and (b) DesInventar disaster loss databases. Some of the data has not followed an official validation process and may be subject to revision at a later date.,"Number of people affected by disaster [1.5.1, 11.5.1, 13.1.1]",Number,15.0
2006,Disclaimer: The data being submitted by UNDRR has been extracted from two sources: (a) the Sendai Framework Monitoring System as provided by designated national focal points; and (b) DesInventar disaster loss databases. Some of the data has not followed an official validation process and may be subject to revision at a later date.,"Number of people affected by disaster [1.5.1, 11.5.1, 13.1.1]",Number,3725.0
2007,Disclaimer: The data being submitted by UNDRR has been extracted from two sources: (a) the Sendai Framework Monitoring System as provided by designated national focal points; and (b) DesInventar disaster loss databases. Some of the data has not followed an official validation process and may be subject to revision at a later date.,"Number of people affected by disaster [1.5.1, 11.5.1, 13.1.1]",Number,116.0
2008,Disclaimer: The data being submitted by UNDRR has been extracted from two sources: (a) the Sendai Framework Monitoring System as provided by designated national focal points; and (b) DesInventar disaster loss databases. Some of the data has not followed an official validation process and may be subject to revision at a later date.,"Number of people affected by disaster [1.5.1, 11.5.1, 13.1.1]",Number,10431.0
2009,Disclaimer: The data being submitted by UNDRR has been extracted from two sources: (a) the Sendai Framework Monitoring System as provided by designated national focal points; and (b) DesInventar disaster loss databases. Some of the data has not followed an official validation process and may be subject to revision at a later date.,"Number of people affected by disaster [1.5.1, 11.5.1, 13.1.1]",Number,53424.0
2010,Disclaimer: The data being submitted by UNDRR has been extracted from two sources: (a) the Sendai Framework Monitoring System as provided by designated national focal points; and (b) DesInventar disaster loss databases. Some of the data has not followed an official validation process and may be subject to revision at a later date.,"Number of people affected by disaster [1.5.1, 11.5.1, 13.1.1]",Number,37091.0
2011,Disclaimer: The data being submitted by UNDRR has been extracted from two sources: (a) the Sendai Framework Monitoring System as provided by designated national focal points; and (b) DesInventar disaster loss databases. Some of the data has not followed an official validation process and may be subject to revision at a later date.,"Number of people affected by disaster [1.5.1, 11.5.1, 13.1.1]",Number,5611.0
2012,Disclaimer: The data being submitted by UNDRR has been extracted from two sources: (a) the Sendai Framework Monitoring System as provided by designated national focal points; and (b) DesInventar disaster loss databases. Some of the data has not followed an official validation process and may be subject to revision at a later date.,"Number of people affected by disaster [1.5.1, 11.5.1, 13.1.1]",Number,12578.0
2013,Disclaimer: The data being submitted by UNDRR has been extracted from two sources: (a) the Sendai Framework Monitoring System as provided by designated national focal points; and (b) DesInventar disaster loss databases. Some of the data has not followed an official validation process and may be subject to revision at a later date.,"Number of people affected by disaster [1.5.1, 11.5.1, 13.1.1]",Number,1503.0
2014,Disclaimer: The data being submitted by UNDRR has been extracted from two sources: (a) the Sendai Framework Monitoring System as provided by designated national focal points; and (b) DesInventar disaster loss databases. Some of the data has not followed an official validation process and may be subject to revision at a later date.,"Number of people affected by disaster [1.5.1, 11.5.1, 13.1.1]",Number,1955.0
2015,Disclaimer: The data being submitted by UNDRR has been extracted from two sources: (a) the Sendai Framework Monitoring System as provided by designated national focal points; and (b) DesInventar disaster loss databases. Some of the data has not followed an official validation process and may be subject to revision at a later date.,"Number of people affected by disaster [1.5.1, 11.5.1, 13.1.1]",Number,17929.0
2016,Disclaimer: The data being submitted by UNDRR has been extracted from two sources: (a) the Sendai Framework Monitoring System as provided by designated national focal points; and (b) DesInventar disaster loss databases. Some of the data has not followed an official validation process and may be subject to revision at a later date.,"Number of people affected by disaster [1.5.1, 11.5.1, 13.1.1]",Number,2522.0
2017,Disclaimer: The data being submitted by UNDRR has been extracted from two sources: (a) the Sendai Framework Monitoring System as provided by designated national focal points; and (b) DesInventar disaster loss databases. Some of the data has not followed an official validation process and may be subject to revision at a later date.,"Number of people affected by disaster [1.5.1, 11.5.1, 13.1.1]",Number,28.0
2019,Disclaimer: The data being submitted by UNDRR has been extracted from two sources: (a) the Sendai Framework Monitoring System as provided by designated national focal points; and (b) DesInventar disaster loss databases. Some of the data has not followed an official validation process and may be subject to revision at a later date.,"Number of people affected by disaster [1.5.1, 11.5.1, 13.1.1]",Number,803.0
2020,Disclaimer: The data being submitted by UNDRR has been extracted from two sources: (a) the Sendai Framework Monitoring System as provided by designated national focal points; and (b) DesInventar disaster loss databases. Some of the data has not followed an official validation process and may be subject to revision at a later date.,"Number of people affected by disaster [1.5.1, 11.5.1, 13.1.1]",Number,2526.0
2005,Disclaimer: The data being submitted by UNDRR has been extracted from two sources: (a) the Sendai Framework Monitoring System as provided by designated national focal points; and (b) DesInventar disaster loss databases. Some of the data has not followed an official validation process and may be subject to revision at a later date.,"Number of directly affected persons attributed to disasters per 100,000 population [1.5.1, 11.5.1, 13.1.1]","Per 100,000 population",0.04096
2006,Disclaimer: The data being submitted by UNDRR has been extracted from two sources: (a) the Sendai Framework Monitoring System as provided by designated national focal points; and (b) DesInventar disaster loss databases. Some of the data has not followed an official validation process and may be subject to revision at a later date.,"Number of directly affected persons attributed to disasters per 100,000 population [1.5.1, 11.5.1, 13.1.1]","Per 100,000 population",9.89401
2007,Disclaimer: The data being submitted by UNDRR has been extracted from two sources: (a) the Sendai Framework Monitoring System as provided by designated national focal points; and (b) DesInventar disaster loss databases. Some of the data has not followed an official validation process and may be subject to revision at a later date.,"Number of directly affected persons attributed to disasters per 100,000 population [1.5.1, 11.5.1, 13.1.1]","Per 100,000 population",0.2997
2008,Disclaimer: The data being submitted by UNDRR has been extracted from two sources: (a) the Sendai Framework Monitoring System as provided by designated national focal points; and (b) DesInventar disaster loss databases. Some of the data has not followed an official validation process and may be subject to revision at a later date.,"Number of directly affected persons attributed to disasters per 100,000 population [1.5.1, 11.5.1, 13.1.1]","Per 100,000 population",26.21382
2009,Disclaimer: The data being submitted by UNDRR has been extracted from two sources: (a) the Sendai Framework Monitoring System as provided by designated national focal points; and (b) DesInventar disaster loss databases. Some of the data has not followed an official validation process and may be subject to revision at a later date.,"Number of directly affected persons attributed to disasters per 100,000 population [1.5.1, 11.5.1, 13.1.1]","Per 100,000 population",130.61528
2010,Disclaimer: The data being submitted by UNDRR has been extracted from two sources: (a) the Sendai Framework Monitoring System as provided by designated national focal points; and (b) DesInventar disaster loss databases. Some of the data has not followed an official validation process and may be subject to revision at a later date.,"Number of directly affected persons attributed to disasters per 100,000 population [1.5.1, 11.5.1, 13.1.1]","Per 100,000 population",88.24743
2011,Disclaimer: The data being submitted by UNDRR has been extracted from two sources: (a) the Sendai Framework Monitoring System as provided by designated national focal points; and (b) DesInventar disaster loss databases. Some of the data has not followed an official validation process and may be subject to revision at a later date.,"Number of directly affected persons attributed to disasters per 100,000 population [1.5.1, 11.5.1, 13.1.1]","Per 100,000 population",12.99496
2012,Disclaimer: The data being submitted by UNDRR has been extracted from two sources: (a) the Sendai Framework Monitoring System as provided by designated national focal points; and (b) DesInventar disaster loss databases. Some of the data has not followed an official validation process and may be subject to revision at a later date.,"Number of directly affected persons attributed to disasters per 100,000 population [1.5.1, 11.5.1, 13.1.1]","Per 100,000 population",28.36494
2013,Disclaimer: The data being submitted by UNDRR has been extracted from two sources: (a) the Sendai Framework Monitoring System as provided by designated national focal points; and (b) DesInventar disaster loss databases. Some of the data has not followed an official validation process and may be subject to revision at a later date.,"Number of directly affected persons attributed to disasters per 100,000 population [1.5.1, 11.5.1, 13.1.1]","Per 100,000 population",3.30185
2014,Disclaimer: The data being submitted by UNDRR has been extracted from two sources: (a) the Sendai Framework Monitoring System as provided by designated national focal points; and (b) DesInventar disaster loss databases. Some of the data has not followed an official validation process and may be subject to revision at a later date.,"Number of directly affected persons attributed to disasters per 100,000 population [1.5.1, 11.5.1, 13.1.1]","Per 100,000 population",4.18629
2015,Disclaimer: The data being submitted by UNDRR has been extracted from two sources: (a) the Sendai Framework Monitoring System as provided by designated national focal points; and (b) DesInventar disaster loss databases. Some of the data has not followed an official validation process and may be subject to revision at a later date.,"Number of directly affected persons attributed to disasters per 100,000 population [1.5.1, 11.5.1, 13.1.1]","Per 100,000 population",37.447
2016,Disclaimer: The data being submitted by UNDRR has been extracted from two sources: (a) the Sendai Framework Monitoring System as provided by designated national focal points; and (b) DesInventar disaster loss databases. Some of the data has not followed an official validation process and may be subject to revision at a later date.,"Number of directly affected persons attributed to disasters per 100,000 population [1.5.1, 11.5.1, 13.1.1]","Per 100,000 population",5.14153
2017,Disclaimer: The data being submitted by UNDRR has been extracted from two sources: (a) the Sendai Framework Monitoring System as provided by designated national focal points; and (b) DesInventar disaster loss databases. Some of the data has not followed an official validation process and may be subject to revision at a later date.,"Number of directly affected persons attributed to disasters per 100,000 population [1.5.1, 11.5.1, 13.1.1]","Per 100,000 population",0.05575
2019,Disclaimer: The data being submitted by UNDRR has been extracted from two sources: (a) the Sendai Framework Monitoring System as provided by designated national focal points; and (b) DesInventar disaster loss databases. Some of the data has not followed an official validation process and may be subject to revision at a later date.,"Number of directly affected persons attributed to disasters per 100,000 population [1.5.1, 11.5.1, 13.1.1]","Per 100,000 population",1.52737
2020,Disclaimer: The data being submitted by UNDRR has been extracted from two sources: (a) the Sendai Framework Monitoring System as provided by designated national focal points; and (b) DesInventar disaster loss databases. Some of the data has not followed an official validation process and may be subject to revision at a later date.,"Number of directly affected persons attributed to disasters per 100,000 population [1.5.1, 11.5.1, 13.1.1]","Per 100,000 population",4.69767
2005,Disclaimer: The data being submitted by UNDRR has been extracted from two sources: (a) the Sendai Framework Monitoring System as provided by designated national focal points; and (b) DesInventar disaster loss databases. Some of the data has not followed an official validation process and may be subject to revision at a later date.,"Number of injured or ill people attributed to disasters [1.5.1, 11.5.1, 13.1.1]",Number,15.0
2006,Disclaimer: The data being submitted by UNDRR has been extracted from two sources: (a) the Sendai Framework Monitoring System as provided by designated national focal points; and (b) DesInventar disaster loss databases. Some of the data has not followed an official validation process and may be subject to revision at a later date.,"Number of injured or ill people attributed to disasters [1.5.1, 11.5.1, 13.1.1]",Number,2.0
2007,Disclaimer: The data being submitted by UNDRR has been extracted from two sources: (a) the Sendai Framework Monitoring System as provided by designated national focal points; and (b) DesInventar disaster loss databases. Some of the data has not followed an official validation process and may be subject to revision at a later date.,"Number of injured or ill people attributed to disasters [1.5.1, 11.5.1, 13.1.1]",Number,116.0
2008,Disclaimer: The data being submitted by UNDRR has been extracted from two sources: (a) the Sendai Framework Monitoring System as provided by designated national focal points; and (b) DesInventar disaster loss databases. Some of the data has not followed an official validation process and may be subject to revision at a later date.,"Number of injured or ill people attributed to disasters [1.5.1, 11.5.1, 13.1.1]",Number,513.0
2009,Obs_Value = 0;  Disclaimer: The data being submitted by UNDRR has been extracted from two sources: (a) the Sendai Framework Monitoring System as provided by designated national focal points; and (b) DesInventar disaster loss databases. Some of the data has not followed an official validation process and may be subject to revision at a later date.,"Number of injured or ill people attributed to disasters [1.5.1, 11.5.1, 13.1.1]",Number,0.0
2010,Disclaimer: The data being submitted by UNDRR has been extracted from two sources: (a) the Sendai Framework Monitoring System as provided by designated national focal points; and (b) DesInventar disaster loss databases. Some of the data has not followed an official validation process and may be subject to revision at a later date.,"Number of injured or ill people attributed to disasters [1.5.1, 11.5.1, 13.1.1]",Number,15.0
2011,Disclaimer: The data being submitted by UNDRR has been extracted from two sources: (a) the Sendai Framework Monitoring System as provided by designated national focal points; and (b) DesInventar disaster loss databases. Some of the data has not followed an official validation process and may be subject to revision at a later date.,"Number of injured or ill people attributed to disasters [1.5.1, 11.5.1, 13.1.1]",Number,27.0
2012,Disclaimer: The data being submitted by UNDRR has been extracted from two sources: (a) the Sendai Framework Monitoring System as provided by designated national focal points; and (b) DesInventar disaster loss databases. Some of the data has not followed an official validation process and may be subject to revision at a later date.,"Number of injured or ill people attributed to disasters [1.5.1, 11.5.1, 13.1.1]",Number,7.0
2013,Disclaimer: The data being submitted by UNDRR has been extracted from two sources: (a) the Sendai Framework Monitoring System as provided by designated national focal points; and (b) DesInventar disaster loss databases. Some of the data has not followed an official validation process and may be subject to revision at a later date.,"Number of injured or ill people attributed to disasters [1.5.1, 11.5.1, 13.1.1]",Number,13.0
2014,Disclaimer: The data being submitted by UNDRR has been extracted from two sources: (a) the Sendai Framework Monitoring System as provided by designated national focal points; and (b) DesInventar disaster loss databases. Some of the data has not followed an official validation process and may be subject to revision at a later date.,"Number of injured or ill people attributed to disasters [1.5.1, 11.5.1, 13.1.1]",Number,111.0
2015,Disclaimer: The data being submitted by UNDRR has been extracted from two sources: (a) the Sendai Framework Monitoring System as provided by designated national focal points; and (b) DesInventar disaster loss databases. Some of the data has not followed an official validation process and may be subject to revision at a later date.,"Number of injured or ill people attributed to disasters [1.5.1, 11.5.1, 13.1.1]",Number,952.0
2016,Disclaimer: The data being submitted by UNDRR has been extracted from two sources: (a) the Sendai Framework Monitoring System as provided by designated national focal points; and (b) DesInventar disaster loss databases. Some of the data has not followed an official validation process and may be subject to revision at a later date.,"Number of injured or ill people attributed to disasters [1.5.1, 11.5.1, 13.1.1]",Number,605.0
2017,Disclaimer: The data being submitted by UNDRR has been extracted from two sources: (a) the Sendai Framework Monitoring System as provided by designated national focal points; and (b) DesInventar disaster loss databases. Some of the data has not followed an official validation process and may be subject to revision at a later date.,"Number of injured or ill people attributed to disasters [1.5.1, 11.5.1, 13.1.1]",Number,8.0
2019,Disclaimer: The data being submitted by UNDRR has been extracted from two sources: (a) the Sendai Framework Monitoring System as provided by designated national focal points; and (b) DesInventar disaster loss databases. Some of the data has not followed an official validation process and may be subject to revision at a later date.,"Number of injured or ill people attributed to disasters [1.5.1, 11.5.1, 13.1.1]",Number,803.0
2020,Disclaimer: The data being submitted by UNDRR has been extracted from two sources: (a) the Sendai Framework Monitoring System as provided by designated national focal points; and (b) DesInventar disaster loss databases. Some of the data has not followed an official validation process and may be subject to revision at a later date.,"Number of injured or ill people attributed to disasters [1.5.1, 11.5.1, 13.1.1]",Number,1012.0
2005,Obs_Value = 0;  Disclaimer: The data being submitted by UNDRR has been extracted from two sources: (a) the Sendai Framework Monitoring System as provided by designated national focal points; and (b) DesInventar disaster loss databases. Some of the data has not followed an official validation process and may be subject to revision at a later date.,"Number of missing persons due to disaster [1.5.1, 11.5.1, 13.1.1]",Number,0.0
2006,Obs_Value = 0;  Disclaimer: The data being submitted by UNDRR has been extracted from two sources: (a) the Sendai Framework Monitoring System as provided by designated national focal points; and (b) DesInventar disaster loss databases. Some of the data has not followed an official validation process and may be subject to revision at a later date.,"Number of missing persons due to disaster [1.5.1, 11.5.1, 13.1.1]",Number,0.0
2007,Obs_Value = 0;  Disclaimer: The data being submitted by UNDRR has been extracted from two sources: (a) the Sendai Framework Monitoring System as provided by designated national focal points; and (b) DesInventar disaster loss databases. Some of the data has not followed an official validation process and may be subject to revision at a later date.,"Number of missing persons due to disaster [1.5.1, 11.5.1, 13.1.1]",Number,0.0
2008,Obs_Value = 0;  Disclaimer: The data being submitted by UNDRR has been extracted from two sources: (a) the Sendai Framework Monitoring System as provided by designated national focal points; and (b) DesInventar disaster loss databases. Some of the data has not followed an official validation process and may be subject to revision at a later date.,"Number of missing persons due to disaster [1.5.1, 11.5.1, 13.1.1]",Number,0.0
2009,Obs_Value = 0;  Disclaimer: The data being submitted by UNDRR has been extracted from two sources: (a) the Sendai Framework Monitoring System as provided by designated national focal points; and (b) DesInventar disaster loss databases. Some of the data has not followed an official validation process and may be subject to revision at a later date.,"Number of missing persons due to disaster [1.5.1, 11.5.1, 13.1.1]",Number,0.0
2010,Disclaimer: The data being submitted by UNDRR has been extracted from two sources: (a) the Sendai Framework Monitoring System as provided by designated national focal points; and (b) DesInventar disaster loss databases. Some of the data has not followed an official validation process and may be subject to revision at a later date.,"Number of missing persons due to disaster [1.5.1, 11.5.1, 13.1.1]",Number,6.0
2011,Disclaimer: The data being submitted by UNDRR has been extracted from two sources: (a) the Sendai Framework Monitoring System as provided by designated national focal points; and (b) DesInventar disaster loss databases. Some of the data has not followed an official validation process and may be subject to revision at a later date.,"Number of missing persons due to disaster [1.5.1, 11.5.1, 13.1.1]",Number,3.0
2012,Disclaimer: The data being submitted by UNDRR has been extracted from two sources: (a) the Sendai Framework Monitoring System as provided by designated national focal points; and (b) DesInventar disaster loss databases. Some of the data has not followed an official validation process and may be subject to revision at a later date.,"Number of missing persons due to disaster [1.5.1, 11.5.1, 13.1.1]",Number,1.0
2013,Disclaimer: The data being submitted by UNDRR has been extracted from two sources: (a) the Sendai Framework Monitoring System as provided by designated national focal points; and (b) DesInventar disaster loss databases. Some of the data has not followed an official validation process and may be subject to revision at a later date.,"Number of missing persons due to disaster [1.5.1, 11.5.1, 13.1.1]",Number,9.0
2014,Obs_Value = 0;  Disclaimer: The data being submitted by UNDRR has been extracted from two sources: (a) the Sendai Framework Monitoring System as provided by designated national focal points; and (b) DesInventar disaster loss databases. Some of the data has not followed an official validation process and may be subject to revision at a later date.,"Number of missing persons due to disaster [1.5.1, 11.5.1, 13.1.1]",Number,0.0
2015,Obs_Value = 0;  Disclaimer: The data being submitted by UNDRR has been extracted from two sources: (a) the Sendai Framework Monitoring System as provided by designated national focal points; and (b) DesInventar disaster loss databases. Some of the data has not followed an official validation process and may be subject to revision at a later date.,"Number of missing persons due to disaster [1.5.1, 11.5.1, 13.1.1]",Number,0.0
2016,Disclaimer: The data being submitted by UNDRR has been extracted from two sources: (a) the Sendai Framework Monitoring System as provided by designated national focal points; and (b) DesInventar disaster loss databases. Some of the data has not followed an official validation process and may be subject to revision at a later date.,"Number of missing persons due to disaster [1.5.1, 11.5.1, 13.1.1]",Number,1.0
2017,Obs_Value = 0;  Disclaimer: The data being submitted by UNDRR has been extracted from two sources: (a) the Sendai Framework Monitoring System as provided by designated national focal points; and (b) DesInventar disaster loss databases. Some of the data has not followed an official validation process and may be subject to revision at a later date.,"Number of missing persons due to disaster [1.5.1, 11.5.1, 13.1.1]",Number,0.0
2019,Disclaimer: The data being submitted by UNDRR has been extracted from two sources: (a) the Sendai Framework Monitoring System as provided by designated national focal points; and (b) DesInventar disaster loss databases. Some of the data has not followed an official validation process and may be subject to revision at a later date.,"Number of missing persons due to disaster [1.5.1, 11.5.1, 13.1.1]",Number,12.0
2020,Disclaimer: The data being submitted by UNDRR has been extracted from two sources: (a) the Sendai Framework Monitoring System as provided by designated national focal points; and (b) DesInventar disaster loss databases. Some of the data has not followed an official validation process and may be subject to revision at a later date.,"Number of missing persons due to disaster [1.5.1, 11.5.1, 13.1.1]",Number,23.0
2005,Disclaimer: The data being submitted by UNDRR has been extracted from two sources: (a) the Sendai Framework Monitoring System as provided by designated national focal points; and (b) DesInventar disaster loss databases. Some of the data has not followed an official validation process and may be subject to revision at a later date.,"Number of deaths and missing persons attributed to disasters [1.5.1, 11.5.1, 13.1.1]",Number,11.0
2006,Disclaimer: The data being submitted by UNDRR has been extracted from two sources: (a) the Sendai Framework Monitoring System as provided by designated national focal points; and (b) DesInventar disaster loss databases. Some of the data has not followed an official validation process and may be subject to revision at a later date.,"Number of deaths and missing persons attributed to disasters [1.5.1, 11.5.1, 13.1.1]",Number,17.0
2007,Disclaimer: The data being submitted by UNDRR has been extracted from two sources: (a) the Sendai Framework Monitoring System as provided by designated national focal points; and (b) DesInventar disaster loss databases. Some of the data has not followed an official validation process and may be subject to revision at a later date.,"Number of deaths and missing persons attributed to disasters [1.5.1, 11.5.1, 13.1.1]",Number,11.0
2008,Disclaimer: The data being submitted by UNDRR has been extracted from two sources: (a) the Sendai Framework Monitoring System as provided by designated national focal points; and (b) DesInventar disaster loss databases. Some of the data has not followed an official validation process and may be subject to revision at a later date.,"Number of deaths and missing persons attributed to disasters [1.5.1, 11.5.1, 13.1.1]",Number,62.0
2009,Disclaimer: The data being submitted by UNDRR has been extracted from two sources: (a) the Sendai Framework Monitoring System as provided by designated national focal points; and (b) DesInventar disaster loss databases. Some of the data has not followed an official validation process and may be subject to revision at a later date.,"Number of deaths and missing persons attributed to disasters [1.5.1, 11.5.1, 13.1.1]",Number,282.0
2010,Disclaimer: The data being submitted by UNDRR has been extracted from two sources: (a) the Sendai Framework Monitoring System as provided by designated national focal points; and (b) DesInventar disaster loss databases. Some of the data has not followed an official validation process and may be subject to revision at a later date.,"Number of deaths and missing persons attributed to disasters [1.5.1, 11.5.1, 13.1.1]",Number,154.0
2011,Disclaimer: The data being submitted by UNDRR has been extracted from two sources: (a) the Sendai Framework Monitoring System as provided by designated national focal points; and (b) DesInventar disaster loss databases. Some of the data has not followed an official validation process and may be subject to revision at a later date.,"Number of deaths and missing persons attributed to disasters [1.5.1, 11.5.1, 13.1.1]",Number,39.0
2012,Disclaimer: The data being submitted by UNDRR has been extracted from two sources: (a) the Sendai Framework Monitoring System as provided by designated national focal points; and (b) DesInventar disaster loss databases. Some of the data has not followed an official validation process and may be subject to revision at a later date.,"Number of deaths and missing persons attributed to disasters [1.5.1, 11.5.1, 13.1.1]",Number,25.0
2013,Disclaimer: The data being submitted by UNDRR has been extracted from two sources: (a) the Sendai Framework Monitoring System as provided by designated national focal points; and (b) DesInventar disaster loss databases. Some of the data has not followed an official validation process and may be subject to revision at a later date.,"Number of deaths and missing persons attributed to disasters [1.5.1, 11.5.1, 13.1.1]",Number,181.0
2014,Disclaimer: The data being submitted by UNDRR has been extracted from two sources: (a) the Sendai Framework Monitoring System as provided by designated national focal points; and (b) DesInventar disaster loss databases. Some of the data has not followed an official validation process and may be subject to revision at a later date.,"Number of deaths and missing persons attributed to disasters [1.5.1, 11.5.1, 13.1.1]",Number,224.0
2015,Disclaimer: The data being submitted by UNDRR has been extracted from two sources: (a) the Sendai Framework Monitoring System as provided by designated national focal points; and (b) DesInventar disaster loss databases. Some of the data has not followed an official validation process and may be subject to revision at a later date.,"Number of deaths and missing persons attributed to disasters [1.5.1, 11.5.1, 13.1.1]",Number,723.0
2016,Disclaimer: The data being submitted by UNDRR has been extracted from two sources: (a) the Sendai Framework Monitoring System as provided by designated national focal points; and (b) DesInventar disaster loss databases. Some of the data has not followed an official validation process and may be subject to revision at a later date.,"Number of deaths and missing persons attributed to disasters [1.5.1, 11.5.1, 13.1.1]",Number,673.0
2017,Disclaimer: The data being submitted by UNDRR has been extracted from two sources: (a) the Sendai Framework Monitoring System as provided by designated national focal points; and (b) DesInventar disaster loss databases. Some of the data has not followed an official validation process and may be subject to revision at a later date.,"Number of deaths and missing persons attributed to disasters [1.5.1, 11.5.1, 13.1.1]",Number,21.0
2019,Disclaimer: The data being submitted by UNDRR has been extracted from two sources: (a) the Sendai Framework Monitoring System as provided by designated national focal points; and (b) DesInventar disaster loss databases. Some of the data has not followed an official validation process and may be subject to revision at a later date.,"Number of deaths and missing persons attributed to disasters [1.5.1, 11.5.1, 13.1.1]",Number,942.0
2020,Disclaimer: The data being submitted by UNDRR has been extracted from two sources: (a) the Sendai Framework Monitoring System as provided by designated national focal points; and (b) DesInventar disaster loss databases. Some of the data has not followed an official validation process and may be subject to revision at a later date.,"Number of deaths and missing persons attributed to disasters [1.5.1, 11.5.1, 13.1.1]",Number,1777.0
2005,Disclaimer: The data being submitted by UNDRR has been extracted from two sources: (a) the Sendai Framework Monitoring System as provided by designated national focal points; and (b) DesInventar disaster loss databases. Some of the data has not followed an official validation process and may be subject to revision at a later date.,"Number of deaths due to disaster [1.5.1, 11.5.1, 13.1.1]",Number,11.0
2006,Disclaimer: The data being submitted by UNDRR has been extracted from two sources: (a) the Sendai Framework Monitoring System as provided by designated national focal points; and (b) DesInventar disaster loss databases. Some of the data has not followed an official validation process and may be subject to revision at a later date.,"Number of deaths due to disaster [1.5.1, 11.5.1, 13.1.1]",Number,17.0
2007,Disclaimer: The data being submitted by UNDRR has been extracted from two sources: (a) the Sendai Framework Monitoring System as provided by designated national focal points; and (b) DesInventar disaster loss databases. Some of the data has not followed an official validation process and may be subject to revision at a later date.,"Number of deaths due to disaster [1.5.1, 11.5.1, 13.1.1]",Number,11.0
2008,Disclaimer: The data being submitted by UNDRR has been extracted from two sources: (a) the Sendai Framework Monitoring System as provided by designated national focal points; and (b) DesInventar disaster loss databases. Some of the data has not followed an official validation process and may be subject to revision at a later date.,"Number of deaths due to disaster [1.5.1, 11.5.1, 13.1.1]",Number,62.0
2009,Disclaimer: The data being submitted by UNDRR has been extracted from two sources: (a) the Sendai Framework Monitoring System as provided by designated national focal points; and (b) DesInventar disaster loss databases. Some of the data has not followed an official validation process and may be subject to revision at a later date.,"Number of deaths due to disaster [1.5.1, 11.5.1, 13.1.1]",Number,282.0
2010,Disclaimer: The data being submitted by UNDRR has been extracted from two sources: (a) the Sendai Framework Monitoring System as provided by designated national focal points; and (b) DesInventar disaster loss databases. Some of the data has not followed an official validation process and may be subject to revision at a later date.,"Number of deaths due to disaster [1.5.1, 11.5.1, 13.1.1]",Number,148.0
2011,Disclaimer: The data being submitted by UNDRR has been extracted from two sources: (a) the Sendai Framework Monitoring System as provided by designated national focal points; and (b) DesInventar disaster loss databases. Some of the data has not followed an official validation process and may be subject to revision at a later date.,"Number of deaths due to disaster [1.5.1, 11.5.1, 13.1.1]",Number,36.0
2012,Disclaimer: The data being submitted by UNDRR has been extracted from two sources: (a) the Sendai Framework Monitoring System as provided by designated national focal points; and (b) DesInventar disaster loss databases. Some of the data has not followed an official validation process and may be subject to revision at a later date.,"Number of deaths due to disaster [1.5.1, 11.5.1, 13.1.1]",Number,24.0
2013,Disclaimer: The data being submitted by UNDRR has been extracted from two sources: (a) the Sendai Framework Monitoring System as provided by designated national focal points; and (b) DesInventar disaster loss databases. Some of the data has not followed an official validation process and may be subject to revision at a later date.,"Number of deaths due to disaster [1.5.1, 11.5.1, 13.1.1]",Number,172.0
2014,Disclaimer: The data being submitted by UNDRR has been extracted from two sources: (a) the Sendai Framework Monitoring System as provided by designated national focal points; and (b) DesInventar disaster loss databases. Some of the data has not followed an official validation process and may be subject to revision at a later date.,"Number of deaths due to disaster [1.5.1, 11.5.1, 13.1.1]",Number,224.0
2015,Disclaimer: The data being submitted by UNDRR has been extracted from two sources: (a) the Sendai Framework Monitoring System as provided by designated national focal points; and (b) DesInventar disaster loss databases. Some of the data has not followed an official validation process and may be subject to revision at a later date.,"Number of deaths due to disaster [1.5.1, 11.5.1, 13.1.1]",Number,723.0
2016,Disclaimer: The data being submitted by UNDRR has been extracted from two sources: (a) the Sendai Framework Monitoring System as provided by designated national focal points; and (b) DesInventar disaster loss databases. Some of the data has not followed an official validation process and may be subject to revision at a later date.,"Number of deaths due to disaster [1.5.1, 11.5.1, 13.1.1]",Number,672.0
2017,Disclaimer: The data being submitted by UNDRR has been extracted from two sources: (a) the Sendai Framework Monitoring System as provided by designated national focal points; and (b) DesInventar disaster loss databases. Some of the data has not followed an official validation process and may be subject to revision at a later date.,"Number of deaths due to disaster [1.5.1, 11.5.1, 13.1.1]",Number,21.0
2019,Disclaimer: The data being submitted by UNDRR has been extracted from two sources: (a) the Sendai Framework Monitoring System as provided by designated national focal points; and (b) DesInventar disaster loss databases. Some of the data has not followed an official validation process and may be subject to revision at a later date.,"Number of deaths due to disaster [1.5.1, 11.5.1, 13.1.1]",Number,930.0
2020,Disclaimer: The data being submitted by UNDRR has been extracted from two sources: (a) the Sendai Framework Monitoring System as provided by designated national focal points; and (b) DesInventar disaster loss databases. Some of the data has not followed an official validation process and may be subject to revision at a later date.,"Number of deaths due to disaster [1.5.1, 11.5.1, 13.1.1]",Number,1754.0
2005,Disclaimer: The data being submitted by UNDRR has been extracted from two sources: (a) the Sendai Framework Monitoring System as provided by designated national focal points; and (b) DesInventar disaster loss databases. Some of the data has not followed an official validation process and may be subject to revision at a later date.,"Number of deaths and missing persons attributed to disasters per 100,000 population [1.5.1, 11.5.1, 13.1.1]","Per 100,000 population",0.03003
2006,Disclaimer: The data being submitted by UNDRR has been extracted from two sources: (a) the Sendai Framework Monitoring System as provided by designated national focal points; and (b) DesInventar disaster loss databases. Some of the data has not followed an official validation process and may be subject to revision at a later date.,"Number of deaths and missing persons attributed to disasters per 100,000 population [1.5.1, 11.5.1, 13.1.1]","Per 100,000 population",0.04515
2007,Disclaimer: The data being submitted by UNDRR has been extracted from two sources: (a) the Sendai Framework Monitoring System as provided by designated national focal points; and (b) DesInventar disaster loss databases. Some of the data has not followed an official validation process and may be subject to revision at a later date.,"Number of deaths and missing persons attributed to disasters per 100,000 population [1.5.1, 11.5.1, 13.1.1]","Per 100,000 population",0.02842
2008,Disclaimer: The data being submitted by UNDRR has been extracted from two sources: (a) the Sendai Framework Monitoring System as provided by designated national focal points; and (b) DesInventar disaster loss databases. Some of the data has not followed an official validation process and may be subject to revision at a later date.,"Number of deaths and missing persons attributed to disasters per 100,000 population [1.5.1, 11.5.1, 13.1.1]","Per 100,000 population",0.15581
2009,Disclaimer: The data being submitted by UNDRR has been extracted from two sources: (a) the Sendai Framework Monitoring System as provided by designated national focal points; and (b) DesInventar disaster loss databases. Some of the data has not followed an official validation process and may be subject to revision at a later date.,"Number of deaths and missing persons attributed to disasters per 100,000 population [1.5.1, 11.5.1, 13.1.1]","Per 100,000 population",0.68946
2010,Disclaimer: The data being submitted by UNDRR has been extracted from two sources: (a) the Sendai Framework Monitoring System as provided by designated national focal points; and (b) DesInventar disaster loss databases. Some of the data has not followed an official validation process and may be subject to revision at a later date.,"Number of deaths and missing persons attributed to disasters per 100,000 population [1.5.1, 11.5.1, 13.1.1]","Per 100,000 population",0.3664
2011,Disclaimer: The data being submitted by UNDRR has been extracted from two sources: (a) the Sendai Framework Monitoring System as provided by designated national focal points; and (b) DesInventar disaster loss databases. Some of the data has not followed an official validation process and may be subject to revision at a later date.,"Number of deaths and missing persons attributed to disasters per 100,000 population [1.5.1, 11.5.1, 13.1.1]","Per 100,000 population",0.09032
2012,Disclaimer: The data being submitted by UNDRR has been extracted from two sources: (a) the Sendai Framework Monitoring System as provided by designated national focal points; and (b) DesInventar disaster loss databases. Some of the data has not followed an official validation process and may be subject to revision at a later date.,"Number of deaths and missing persons attributed to disasters per 100,000 population [1.5.1, 11.5.1, 13.1.1]","Per 100,000 population",0.05638
2013,Disclaimer: The data being submitted by UNDRR has been extracted from two sources: (a) the Sendai Framework Monitoring System as provided by designated national focal points; and (b) DesInventar disaster loss databases. Some of the data has not followed an official validation process and may be subject to revision at a later date.,"Number of deaths and missing persons attributed to disasters per 100,000 population [1.5.1, 11.5.1, 13.1.1]","Per 100,000 population",0.39763
2014,Disclaimer: The data being submitted by UNDRR has been extracted from two sources: (a) the Sendai Framework Monitoring System as provided by designated national focal points; and (b) DesInventar disaster loss databases. Some of the data has not followed an official validation process and may be subject to revision at a later date.,"Number of deaths and missing persons attributed to disasters per 100,000 population [1.5.1, 11.5.1, 13.1.1]","Per 100,000 population",0.47966
2015,Disclaimer: The data being submitted by UNDRR has been extracted from two sources: (a) the Sendai Framework Monitoring System as provided by designated national focal points; and (b) DesInventar disaster loss databases. Some of the data has not followed an official validation process and may be subject to revision at a later date.,"Number of deaths and missing persons attributed to disasters per 100,000 population [1.5.1, 11.5.1, 13.1.1]","Per 100,000 population",1.51008
2016,Disclaimer: The data being submitted by UNDRR has been extracted from two sources: (a) the Sendai Framework Monitoring System as provided by designated national focal points; and (b) DesInventar disaster loss databases. Some of the data has not followed an official validation process and may be subject to revision at a later date.,"Number of deaths and missing persons attributed to disasters per 100,000 population [1.5.1, 11.5.1, 13.1.1]","Per 100,000 population",1.37203
2017,Disclaimer: The data being submitted by UNDRR has been extracted from two sources: (a) the Sendai Framework Monitoring System as provided by designated national focal points; and (b) DesInventar disaster loss databases. Some of the data has not followed an official validation process and may be subject to revision at a later date.,"Number of deaths and missing persons attributed to disasters per 100,000 population [1.5.1, 11.5.1, 13.1.1]","Per 100,000 population",0.04182
2019,Disclaimer: The data being submitted by UNDRR has been extracted from two sources: (a) the Sendai Framework Monitoring System as provided by designated national focal points; and (b) DesInventar disaster loss databases. Some of the data has not followed an official validation process and may be subject to revision at a later date.,"Number of deaths and missing persons attributed to disasters per 100,000 population [1.5.1, 11.5.1, 13.1.1]","Per 100,000 population",1.79176
2020,Disclaimer: The data being submitted by UNDRR has been extracted from two sources: (a) the Sendai Framework Monitoring System as provided by designated national focal points; and (b) DesInventar disaster loss databases. Some of the data has not followed an official validation process and may be subject to revision at a later date.,"Number of deaths and missing persons attributed to disasters per 100,000 population [1.5.1, 11.5.1, 13.1.1]","Per 100,000 population",3.30474
2005,Obs_Value = 0;  Disclaimer: The data being submitted by UNDRR has been extracted from two sources: (a) the Sendai Framework Monitoring System as provided by designated national focal points; and (b) DesInventar disaster loss databases. Some of the data has not followed an official validation process and may be subject to revision at a later date.,"Number of people whose damaged dwellings were attributed to disasters [1.5.1, 11.5.1, 13.1.1]",Number,0.0
2006,Disclaimer: The data being submitted by UNDRR has been extracted from two sources: (a) the Sendai Framework Monitoring System as provided by designated national focal points; and (b) DesInventar disaster loss databases. Some of the data has not followed an official validation process and may be subject to revision at a later date.,"Number of people whose damaged dwellings were attributed to disasters [1.5.1, 11.5.1, 13.1.1]",Number,1536.0
2007,Obs_Value = 0;  Disclaimer: The data being submitted by UNDRR has been extracted from two sources: (a) the Sendai Framework Monitoring System as provided by designated national focal points; and (b) DesInventar disaster loss databases. Some of the data has not followed an official validation process and may be subject to revision at a later date.,"Number of people whose damaged dwellings were attributed to disasters [1.5.1, 11.5.1, 13.1.1]",Number,0.0
2008,Disclaimer: The data being submitted by UNDRR has been extracted from two sources: (a) the Sendai Framework Monitoring System as provided by designated national focal points; and (b) DesInventar disaster loss databases. Some of the data has not followed an official validation process and may be subject to revision at a later date.,"Number of people whose damaged dwellings were attributed to disasters [1.5.1, 11.5.1, 13.1.1]",Number,9010.0
2009,Disclaimer: The data being submitted by UNDRR has been extracted from two sources: (a) the Sendai Framework Monitoring System as provided by designated national focal points; and (b) DesInventar disaster loss databases. Some of the data has not followed an official validation process and may be subject to revision at a later date.,"Number of people whose damaged dwellings were attributed to disasters [1.5.1, 11.5.1, 13.1.1]",Number,12788.0
2010,Disclaimer: The data being submitted by UNDRR has been extracted from two sources: (a) the Sendai Framework Monitoring System as provided by designated national focal points; and (b) DesInventar disaster loss databases. Some of the data has not followed an official validation process and may be subject to revision at a later date.,"Number of people whose damaged dwellings were attributed to disasters [1.5.1, 11.5.1, 13.1.1]",Number,1687.0
2011,Disclaimer: The data being submitted by UNDRR has been extracted from two sources: (a) the Sendai Framework Monitoring System as provided by designated national focal points; and (b) DesInventar disaster loss databases. Some of the data has not followed an official validation process and may be subject to revision at a later date.,"Number of people whose damaged dwellings were attributed to disasters [1.5.1, 11.5.1, 13.1.1]",Number,5580.0
2012,Disclaimer: The data being submitted by UNDRR has been extracted from two sources: (a) the Sendai Framework Monitoring System as provided by designated national focal points; and (b) DesInventar disaster loss databases. Some of the data has not followed an official validation process and may be subject to revision at a later date.,"Number of people whose damaged dwellings were attributed to disasters [1.5.1, 11.5.1, 13.1.1]",Number,1110.0
2013,Disclaimer: The data being submitted by UNDRR has been extracted from two sources: (a) the Sendai Framework Monitoring System as provided by designated national focal points; and (b) DesInventar disaster loss databases. Some of the data has not followed an official validation process and may be subject to revision at a later date.,"Number of people whose damaged dwellings were attributed to disasters [1.5.1, 11.5.1, 13.1.1]",Number,668.0
2014,Disclaimer: The data being submitted by UNDRR has been extracted from two sources: (a) the Sendai Framework Monitoring System as provided by designated national focal points; and (b) DesInventar disaster loss databases. Some of the data has not followed an official validation process and may be subject to revision at a later date.,"Number of people whose damaged dwellings were attributed to disasters [1.5.1, 11.5.1, 13.1.1]",Number,604.0
2015,Disclaimer: The data being submitted by UNDRR has been extracted from two sources: (a) the Sendai Framework Monitoring System as provided by designated national focal points; and (b) DesInventar disaster loss databases. Some of the data has not followed an official validation process and may be subject to revision at a later date.,"Number of people whose damaged dwellings were attributed to disasters [1.5.1, 11.5.1, 13.1.1]",Number,65.0
2016,Disclaimer: The data being submitted by UNDRR has been extracted from two sources: (a) the Sendai Framework Monitoring System as provided by designated national focal points; and (b) DesInventar disaster loss databases. Some of the data has not followed an official validation process and may be subject to revision at a later date.,"Number of people whose damaged dwellings were attributed to disasters [1.5.1, 11.5.1, 13.1.1]",Number,77.0
2017,Obs_Value = 0;  Disclaimer: The data being submitted by UNDRR has been extracted from two sources: (a) the Sendai Framework Monitoring System as provided by designated national focal points; and (b) DesInventar disaster loss databases. Some of the data has not followed an official validation process and may be subject to revision at a later date.,"Number of people whose damaged dwellings were attributed to disasters [1.5.1, 11.5.1, 13.1.1]",Number,0.0
2019,Obs_Value = 0;  Disclaimer: The data being submitted by UNDRR has been extracted from two sources: (a) the Sendai Framework Monitoring System as provided by designated national focal points; and (b) DesInventar disaster loss databases. Some of the data has not followed an official validation process and may be subject to revision at a later date.,"Number of people whose damaged dwellings were attributed to disasters [1.5.1, 11.5.1, 13.1.1]",Number,0.0
2020,Disclaimer: The data being submitted by UNDRR has been extracted from two sources: (a) the Sendai Framework Monitoring System as provided by designated national focal points; and (b) DesInventar disaster loss databases. Some of the data has not followed an official validation process and may be subject to revision at a later date.,"Number of people whose damaged dwellings were attributed to disasters [1.5.1, 11.5.1, 13.1.1]",Number,162.0
2005,Obs_Value = 0;  Disclaimer: The data being submitted by UNDRR has been extracted from two sources: (a) the Sendai Framework Monitoring System as provided by designated national focal points; and (b) DesInventar disaster loss databases. Some of the data has not followed an official validation process and may be subject to revision at a later date.,"Number of people whose destroyed dwellings were attributed to disasters [1.5.1, 11.5.1, 13.1.1]",Number,0.0
2006,Disclaimer: The data being submitted by UNDRR has been extracted from two sources: (a) the Sendai Framework Monitoring System as provided by designated national focal points; and (b) DesInventar disaster loss databases. Some of the data has not followed an official validation process and may be subject to revision at a later date.,"Number of people whose destroyed dwellings were attributed to disasters [1.5.1, 11.5.1, 13.1.1]",Number,2187.0
2007,Obs_Value = 0;  Disclaimer: The data being submitted by UNDRR has been extracted from two sources: (a) the Sendai Framework Monitoring System as provided by designated national focal points; and (b) DesInventar disaster loss databases. Some of the data has not followed an official validation process and may be subject to revision at a later date.,"Number of people whose destroyed dwellings were attributed to disasters [1.5.1, 11.5.1, 13.1.1]",Number,0.0
2008,Disclaimer: The data being submitted by UNDRR has been extracted from two sources: (a) the Sendai Framework Monitoring System as provided by designated national focal points; and (b) DesInventar disaster loss databases. Some of the data has not followed an official validation process and may be subject to revision at a later date.,"Number of people whose destroyed dwellings were attributed to disasters [1.5.1, 11.5.1, 13.1.1]",Number,908.0
2009,Disclaimer: The data being submitted by UNDRR has been extracted from two sources: (a) the Sendai Framework Monitoring System as provided by designated national focal points; and (b) DesInventar disaster loss databases. Some of the data has not followed an official validation process and may be subject to revision at a later date.,"Number of people whose destroyed dwellings were attributed to disasters [1.5.1, 11.5.1, 13.1.1]",Number,40636.0
2010,Disclaimer: The data being submitted by UNDRR has been extracted from two sources: (a) the Sendai Framework Monitoring System as provided by designated national focal points; and (b) DesInventar disaster loss databases. Some of the data has not followed an official validation process and may be subject to revision at a later date.,"Number of people whose destroyed dwellings were attributed to disasters [1.5.1, 11.5.1, 13.1.1]",Number,35389.0
2011,Disclaimer: The data being submitted by UNDRR has been extracted from two sources: (a) the Sendai Framework Monitoring System as provided by designated national focal points; and (b) DesInventar disaster loss databases. Some of the data has not followed an official validation process and may be subject to revision at a later date.,"Number of people whose destroyed dwellings were attributed to disasters [1.5.1, 11.5.1, 13.1.1]",Number,4.0
2012,Disclaimer: The data being submitted by UNDRR has been extracted from two sources: (a) the Sendai Framework Monitoring System as provided by designated national focal points; and (b) DesInventar disaster loss databases. Some of the data has not followed an official validation process and may be subject to revision at a later date.,"Number of people whose destroyed dwellings were attributed to disasters [1.5.1, 11.5.1, 13.1.1]",Number,11461.0
2013,Disclaimer: The data being submitted by UNDRR has been extracted from two sources: (a) the Sendai Framework Monitoring System as provided by designated national focal points; and (b) DesInventar disaster loss databases. Some of the data has not followed an official validation process and may be subject to revision at a later date.,"Number of people whose destroyed dwellings were attributed to disasters [1.5.1, 11.5.1, 13.1.1]",Number,822.0
2014,Disclaimer: The data being submitted by UNDRR has been extracted from two sources: (a) the Sendai Framework Monitoring System as provided by designated national focal points; and (b) DesInventar disaster loss databases. Some of the data has not followed an official validation process and may be subject to revision at a later date.,"Number of people whose destroyed dwellings were attributed to disasters [1.5.1, 11.5.1, 13.1.1]",Number,1240.0
2015,Disclaimer: The data being submitted by UNDRR has been extracted from two sources: (a) the Sendai Framework Monitoring System as provided by designated national focal points; and (b) DesInventar disaster loss databases. Some of the data has not followed an official validation process and may be subject to revision at a later date.,"Number of people whose destroyed dwellings were attributed to disasters [1.5.1, 11.5.1, 13.1.1]",Number,16912.0
2016,Disclaimer: The data being submitted by UNDRR has been extracted from two sources: (a) the Sendai Framework Monitoring System as provided by designated national focal points; and (b) DesInventar disaster loss databases. Some of the data has not followed an official validation process and may be subject to revision at a later date.,"Number of people whose destroyed dwellings were attributed to disasters [1.5.1, 11.5.1, 13.1.1]",Number,1840.0
2017,Disclaimer: The data being submitted by UNDRR has been extracted from two sources: (a) the Sendai Framework Monitoring System as provided by designated national focal points; and (b) DesInventar disaster loss databases. Some of the data has not followed an official validation process and may be subject to revision at a later date.,"Number of people whose destroyed dwellings were attributed to disasters [1.5.1, 11.5.1, 13.1.1]",Number,20.0
2019,Obs_Value = 0;  Disclaimer: The data being submitted by UNDRR has been extracted from two sources: (a) the Sendai Framework Monitoring System as provided by designated national focal points; and (b) DesInventar disaster loss databases. Some of the data has not followed an official validation process and may be subject to revision at a later date.,"Number of people whose destroyed dwellings were attributed to disasters [1.5.1, 11.5.1, 13.1.1]",Number,0.0
2020,Disclaimer: The data being submitted by UNDRR has been extracted from two sources: (a) the Sendai Framework Monitoring System as provided by designated national focal points; and (b) DesInventar disaster loss databases. Some of the data has not followed an official validation process and may be subject to revision at a later date.,"Number of people whose destroyed dwellings were attributed to disasters [1.5.1, 11.5.1, 13.1.1]",Number,1352.0
