Year,SOURCE_DETAIL,SDG Series,Composite breakdown,Source details,Observation-level footnotes,COMMENT_OBS,Value
2000,African Development Bank Group Annual Report 2000,"Proportion of members of developing countries in international organizations, by organization [10.6.1, 16.8.1]",International Organisation: African Development Bank,African Development Bank Group Annual Report 2019,,,1.2987
2005,African Development Bank Group Annual Report 2005,"Proportion of members of developing countries in international organizations, by organization [10.6.1, 16.8.1]",International Organisation: African Development Bank,African Development Bank Group Annual Report 2019,,,1.2987
2010,African Development Bank Group Annual Report 2010,"Proportion of members of developing countries in international organizations, by organization [10.6.1, 16.8.1]",International Organisation: African Development Bank,African Development Bank Group Annual Report 2019,,,1.2987
2014,African Development Bank Group Annual Report 2014,"Proportion of members of developing countries in international organizations, by organization [10.6.1, 16.8.1]",International Organisation: African Development Bank,African Development Bank Group Annual Report 2019,,,1.26582
2015,African Development Bank Group Annual Report 2015,"Proportion of members of developing countries in international organizations, by organization [10.6.1, 16.8.1]",International Organisation: African Development Bank,African Development Bank Group Annual Report 2019,,,1.25
2016,African Development Bank Group Annual Report 2016,"Proportion of members of developing countries in international organizations, by organization [10.6.1, 16.8.1]",International Organisation: African Development Bank,African Development Bank Group Annual Report 2019,,,1.25
2017,African Development Bank Group Annual Report 2017,"Proportion of members of developing countries in international organizations, by organization [10.6.1, 16.8.1]",International Organisation: African Development Bank,African Development Bank Group Annual Report 2019,,,1.25
2018,African Development Bank Group Annual Report 2018,"Proportion of members of developing countries in international organizations, by organization [10.6.1, 16.8.1]",International Organisation: African Development Bank,African Development Bank Group Annual Report 2019,,,1.25
2019,African Development Bank Group Annual Report 2019,"Proportion of members of developing countries in international organizations, by organization [10.6.1, 16.8.1]",International Organisation: African Development Bank,African Development Bank Group Annual Report 2019,,,1.25
2015,Report of the Economic and Social Council for 2015 (A/70/3),"Proportion of members of developing countries in international organizations, by organization [10.6.1, 16.8.1]",International Organisation: UN Economic and Social Council,Report of the Economic and Social Council on its 2020 Session (A/75/3/Rev.1),,,1.85185
2016,Report of the Economic and Social Council on its 2016 Session (A/71/3),"Proportion of members of developing countries in international organizations, by organization [10.6.1, 16.8.1]",International Organisation: UN Economic and Social Council,Report of the Economic and Social Council on its 2020 Session (A/75/3/Rev.1),,,1.85185
2017,Report of the Economic and Social Council on its 2017 Session (A/72/3),"Proportion of members of developing countries in international organizations, by organization [10.6.1, 16.8.1]",International Organisation: UN Economic and Social Council,Report of the Economic and Social Council on its 2020 Session (A/75/3/Rev.1),,,1.85185185185185
2021,Report of the Economic and Social Council on its 2020 Session (A/75/3/Rev.1),"Proportion of members of developing countries in international organizations, by organization [10.6.1, 16.8.1]",International Organisation: UN Economic and Social Council,Report of the Economic and Social Council on its 2020 Session (A/75/3/Rev.1),,,1.85185185185185
2000,The World Bank Annual Report 2000: Financial Statement and Appendixes to the Annual Report,"Proportion of members of developing countries in international organizations, by organization [10.6.1, 16.8.1]",International Organisation: International Bank for Reconstruction and Development,"International Bank for Reconstruction and Development Management’s Discussion & Analysis and Financial Statements June 30, 2021",,,0.54945
2005,"International Bank for Reconstruction and Development Management’s Discussion & Analysis and Financial Statements June 30, 2005","Proportion of members of developing countries in international organizations, by organization [10.6.1, 16.8.1]",International Organisation: International Bank for Reconstruction and Development,"International Bank for Reconstruction and Development Management’s Discussion & Analysis and Financial Statements June 30, 2021",,,0.54348
2010,"International Bank for Reconstruction and Development Management’s Discussion & Analysis and Financial Statements June 30, 2010","Proportion of members of developing countries in international organizations, by organization [10.6.1, 16.8.1]",International Organisation: International Bank for Reconstruction and Development,"International Bank for Reconstruction and Development Management’s Discussion & Analysis and Financial Statements June 30, 2021",,,0.53476
2015,"International Bank for Reconstruction and Development Management’s Discussion & Analysis and Financial Statements June 30, 2015","Proportion of members of developing countries in international organizations, by organization [10.6.1, 16.8.1]",International Organisation: International Bank for Reconstruction and Development,"International Bank for Reconstruction and Development Management’s Discussion & Analysis and Financial Statements June 30, 2021",,,0.53191
2016,"International Bank for Reconstruction and Development Management’s Discussion & Analysis and Financial Statements June 30, 2016","Proportion of members of developing countries in international organizations, by organization [10.6.1, 16.8.1]",International Organisation: International Bank for Reconstruction and Development,"International Bank for Reconstruction and Development Management’s Discussion & Analysis and Financial Statements June 30, 2021",,,0.53191
2017,"International Bank for Reconstruction and Development Management’s Discussion & Analysis and Financial Statements June 30, 2017","Proportion of members of developing countries in international organizations, by organization [10.6.1, 16.8.1]",International Organisation: International Bank for Reconstruction and Development,"International Bank for Reconstruction and Development Management’s Discussion & Analysis and Financial Statements June 30, 2021",,,0.5291
2018,"International Bank for Reconstruction and Development Management’s Discussion & Analysis and Financial Statements June 30, 2018","Proportion of members of developing countries in international organizations, by organization [10.6.1, 16.8.1]",International Organisation: International Bank for Reconstruction and Development,"International Bank for Reconstruction and Development Management’s Discussion & Analysis and Financial Statements June 30, 2021",,,0.5291
2019,"International Bank for Reconstruction and Development Management’s Discussion & Analysis and Financial Statements June 30, 2019 ","Proportion of members of developing countries in international organizations, by organization [10.6.1, 16.8.1]",International Organisation: International Bank for Reconstruction and Development,"International Bank for Reconstruction and Development Management’s Discussion & Analysis and Financial Statements June 30, 2021",,,0.5291
2020,"International Bank for Reconstruction and Development Management’s Discussion & Analysis and Financial Statements June 30, 2020","Proportion of members of developing countries in international organizations, by organization [10.6.1, 16.8.1]",International Organisation: International Bank for Reconstruction and Development,"International Bank for Reconstruction and Development Management’s Discussion & Analysis and Financial Statements June 30, 2021",,,0.5291
2021,"International Bank for Reconstruction and Development Management’s Discussion & Analysis and Financial Statements June 30, 2021","Proportion of members of developing countries in international organizations, by organization [10.6.1, 16.8.1]",International Organisation: International Bank for Reconstruction and Development,"International Bank for Reconstruction and Development Management’s Discussion & Analysis and Financial Statements June 30, 2021",,,0.5291
2000,IFC 2000 Annual Report Volume 2,"Proportion of members of developing countries in international organizations, by organization [10.6.1, 16.8.1]",International Organisation: International Finance Corporation,IFC 2021 Annual Report Volume 2,,,0.57471
2005,IFC 2005 Annual Report Volume 2,"Proportion of members of developing countries in international organizations, by organization [10.6.1, 16.8.1]",International Organisation: International Finance Corporation,IFC 2021 Annual Report Volume 2,,,0.5618
2010,IFC 2010 Annual Report Volume 2,"Proportion of members of developing countries in international organizations, by organization [10.6.1, 16.8.1]",International Organisation: International Finance Corporation,IFC 2021 Annual Report Volume 2,,,0.54945
2015,IFC 2015 Annual Report Volume 2,"Proportion of members of developing countries in international organizations, by organization [10.6.1, 16.8.1]",International Organisation: International Finance Corporation,IFC 2021 Annual Report Volume 2,,,0.54348
2016,IFC 2016 Annual Report Volume 2,"Proportion of members of developing countries in international organizations, by organization [10.6.1, 16.8.1]",International Organisation: International Finance Corporation,IFC 2021 Annual Report Volume 2,,,0.54348
2017,IFC 2017 Annual Report Volume 2,"Proportion of members of developing countries in international organizations, by organization [10.6.1, 16.8.1]",International Organisation: International Finance Corporation,IFC 2021 Annual Report Volume 2,,,0.54348
2018,IFC 2018 Annual Report Volume 2,"Proportion of members of developing countries in international organizations, by organization [10.6.1, 16.8.1]",International Organisation: International Finance Corporation,IFC 2021 Annual Report Volume 2,,,0.54348
2019,IFC 2019 Annual Report Volume 2,"Proportion of members of developing countries in international organizations, by organization [10.6.1, 16.8.1]",International Organisation: International Finance Corporation,IFC 2021 Annual Report Volume 2,,,0.5435
2020,IFC 2020 Annual Report Volume 2,"Proportion of members of developing countries in international organizations, by organization [10.6.1, 16.8.1]",International Organisation: International Finance Corporation,IFC 2021 Annual Report Volume 2,,,0.54054
2021,IFC 2021 Annual Report Volume 2,"Proportion of members of developing countries in international organizations, by organization [10.6.1, 16.8.1]",International Organisation: International Finance Corporation,IFC 2021 Annual Report Volume 2,,,0.54054
2000,IMF Annual Report 2000,"Proportion of members of developing countries in international organizations, by organization [10.6.1, 16.8.1]",International Organisation: International Monetary Fund,IMF Annual Report 2021,Obs_Value = 0;  ,,0.5618
2005,IMF Annual Report 2005,"Proportion of members of developing countries in international organizations, by organization [10.6.1, 16.8.1]",International Organisation: International Monetary Fund,IMF Annual Report 2021,Obs_Value = 0;  ,Obs_Value = 0;  ,0.0
2010,IMF Annual Report 2010,"Proportion of members of developing countries in international organizations, by organization [10.6.1, 16.8.1]",International Organisation: International Monetary Fund,IMF Annual Report 2021,Obs_Value = 0;  ,Obs_Value = 0;  ,0.0
2015,IMF Annual Report 2015,"Proportion of members of developing countries in international organizations, by organization [10.6.1, 16.8.1]",International Organisation: International Monetary Fund,IMF Annual Report 2021,Obs_Value = 0;  ,,0.53191
2016,IMF Annual Report 2016,"Proportion of members of developing countries in international organizations, by organization [10.6.1, 16.8.1]",International Organisation: International Monetary Fund,IMF Annual Report 2021,Obs_Value = 0;  ,,0.53191
2017,IMF Annual Report 2017,"Proportion of members of developing countries in international organizations, by organization [10.6.1, 16.8.1]",International Organisation: International Monetary Fund,IMF Annual Report 2021,Obs_Value = 0;  ,,0.5291
2018,IMF Annual Report 2018,"Proportion of members of developing countries in international organizations, by organization [10.6.1, 16.8.1]",International Organisation: International Monetary Fund,IMF Annual Report 2021,Obs_Value = 0;  ,,0.5291
2019,IMF Annual Report 2019,"Proportion of members of developing countries in international organizations, by organization [10.6.1, 16.8.1]",International Organisation: International Monetary Fund,IMF Annual Report 2021,Obs_Value = 0;  ,,0.5291
2020,IMF Annual Report 2020,"Proportion of members of developing countries in international organizations, by organization [10.6.1, 16.8.1]",International Organisation: International Monetary Fund,IMF Annual Report 2021,Obs_Value = 0;  ,,0.5291
2021,IMF Annual Report 2021,"Proportion of members of developing countries in international organizations, by organization [10.6.1, 16.8.1]",International Organisation: International Monetary Fund,IMF Annual Report 2021,Obs_Value = 0;  ,,0.52632
2000,UN General Assembly website http://www.un.org/en/member-states/index.html,"Proportion of members of developing countries in international organizations, by organization [10.6.1, 16.8.1]",International Organisation: UN General Assembly,UN General Assembly website http://www.un.org/en/member-states/index.html,,,0.5291
2005,UN General Assembly website http://www.un.org/en/member-states/index.html,"Proportion of members of developing countries in international organizations, by organization [10.6.1, 16.8.1]",International Organisation: UN General Assembly,UN General Assembly website http://www.un.org/en/member-states/index.html,,,0.52356
2010,UN General Assembly website http://www.un.org/en/member-states/index.html,"Proportion of members of developing countries in international organizations, by organization [10.6.1, 16.8.1]",International Organisation: UN General Assembly,UN General Assembly website http://www.un.org/en/member-states/index.html,,,0.52083
2015,UN General Assembly website http://www.un.org/en/member-states/index.html,"Proportion of members of developing countries in international organizations, by organization [10.6.1, 16.8.1]",International Organisation: UN General Assembly,UN General Assembly website http://www.un.org/en/member-states/index.html,,,0.51813
2016,UN General Assembly website http://www.un.org/en/member-states/index.html,"Proportion of members of developing countries in international organizations, by organization [10.6.1, 16.8.1]",International Organisation: UN General Assembly,UN General Assembly website http://www.un.org/en/member-states/index.html,,,0.51813
2017,UN General Assembly website http://www.un.org/en/member-states/index.html,"Proportion of members of developing countries in international organizations, by organization [10.6.1, 16.8.1]",International Organisation: UN General Assembly,UN General Assembly website http://www.un.org/en/member-states/index.html,,,0.51813
2018,UN General Assembly website http://www.un.org/en/member-states/index.html,"Proportion of members of developing countries in international organizations, by organization [10.6.1, 16.8.1]",International Organisation: UN General Assembly,UN General Assembly website http://www.un.org/en/member-states/index.html,,,0.51813
2019,UN General Assembly website http://www.un.org/en/member-states/index.html,"Proportion of members of developing countries in international organizations, by organization [10.6.1, 16.8.1]",International Organisation: UN General Assembly,UN General Assembly website http://www.un.org/en/member-states/index.html,,,0.51813
2020,UN General Assembly website http://www.un.org/en/member-states/index.html,"Proportion of members of developing countries in international organizations, by organization [10.6.1, 16.8.1]",International Organisation: UN General Assembly,UN General Assembly website http://www.un.org/en/member-states/index.html,,,0.51813
2021,UN General Assembly website http://www.un.org/en/member-states/index.html,"Proportion of members of developing countries in international organizations, by organization [10.6.1, 16.8.1]",International Organisation: UN General Assembly,UN General Assembly website http://www.un.org/en/member-states/index.html,,,0.51813
2000,WTO Annual Report 2015,"Proportion of members of developing countries in international organizations, by organization [10.6.1, 16.8.1]",International Organisation: World Trade Organisation,WTO Annual Report 2021,,,0.71429
2005,WTO Annual Report 2015,"Proportion of members of developing countries in international organizations, by organization [10.6.1, 16.8.1]",International Organisation: World Trade Organisation,WTO Annual Report 2021,,,0.67114
2010,WTO Annual Report 2015,"Proportion of members of developing countries in international organizations, by organization [10.6.1, 16.8.1]",International Organisation: World Trade Organisation,WTO Annual Report 2021,,,0.65359
2015,WTO Annual Report 2015,"Proportion of members of developing countries in international organizations, by organization [10.6.1, 16.8.1]",International Organisation: World Trade Organisation,WTO Annual Report 2021,,,0.625
2016,WTO Annual Report 2016,"Proportion of members of developing countries in international organizations, by organization [10.6.1, 16.8.1]",International Organisation: World Trade Organisation,WTO Annual Report 2021,,,0.61728
2017,WTO Annual Report 2017,"Proportion of members of developing countries in international organizations, by organization [10.6.1, 16.8.1]",International Organisation: World Trade Organisation,WTO Annual Report 2021,,,0.60976
2018,WTO Annual Report 2018,"Proportion of members of developing countries in international organizations, by organization [10.6.1, 16.8.1]",International Organisation: World Trade Organisation,WTO Annual Report 2021,,,0.60976
2019,WTO Annual Report 2019,"Proportion of members of developing countries in international organizations, by organization [10.6.1, 16.8.1]",International Organisation: World Trade Organisation,WTO Annual Report 2021,,,0.60976
2020,WTO Annual Report 2020,"Proportion of members of developing countries in international organizations, by organization [10.6.1, 16.8.1]",International Organisation: World Trade Organisation,WTO Annual Report 2021,,,0.60976
2021,WTO Annual Report 2021,"Proportion of members of developing countries in international organizations, by organization [10.6.1, 16.8.1]",International Organisation: World Trade Organisation,WTO Annual Report 2021,,,0.60976
2000,African Development Bank Group Annual Report 2000,"Proportion of voting rights of developing countries in international organizations, by organization [10.6.1, 16.8.1]",International Organisation: African Development Bank,African Development Bank Group Annual Report 2019,,,2.439
2005,African Development Bank Group Annual Report 2005,"Proportion of voting rights of developing countries in international organizations, by organization [10.6.1, 16.8.1]",International Organisation: African Development Bank,African Development Bank Group Annual Report 2019,,,2.115
2010,African Development Bank Group Annual Report 2010,"Proportion of voting rights of developing countries in international organizations, by organization [10.6.1, 16.8.1]",International Organisation: African Development Bank,African Development Bank Group Annual Report 2019,,,2.024
2014,African Development Bank Group Annual Report 2014,"Proportion of voting rights of developing countries in international organizations, by organization [10.6.1, 16.8.1]",International Organisation: African Development Bank,African Development Bank Group Annual Report 2019,,,2.052
2015,African Development Bank Group Annual Report 2015,"Proportion of voting rights of developing countries in international organizations, by organization [10.6.1, 16.8.1]",International Organisation: African Development Bank,African Development Bank Group Annual Report 2019,,,2.06
2016,African Development Bank Group Annual Report 2016,"Proportion of voting rights of developing countries in international organizations, by organization [10.6.1, 16.8.1]",International Organisation: African Development Bank,African Development Bank Group Annual Report 2019,,,2.0618
2017,African Development Bank Group Annual Report 2017,"Proportion of voting rights of developing countries in international organizations, by organization [10.6.1, 16.8.1]",International Organisation: African Development Bank,African Development Bank Group Annual Report 2019,,,2.0618
2018,African Development Bank Group Annual Report 2018,"Proportion of voting rights of developing countries in international organizations, by organization [10.6.1, 16.8.1]",International Organisation: African Development Bank,African Development Bank Group Annual Report 2019,,,1.8529
2019,African Development Bank Group Annual Report 2019,"Proportion of voting rights of developing countries in international organizations, by organization [10.6.1, 16.8.1]",International Organisation: African Development Bank,African Development Bank Group Annual Report 2019,,,1.74341
2015,Report of the Economic and Social Council for 2015 (A/70/3),"Proportion of voting rights of developing countries in international organizations, by organization [10.6.1, 16.8.1]",International Organisation: UN Economic and Social Council,Report of the Economic and Social Council on its 2020 Session (A/75/3/Rev.1),,,1.8519
2016,Report of the Economic and Social Council on its 2016 Session (A/71/3),"Proportion of voting rights of developing countries in international organizations, by organization [10.6.1, 16.8.1]",International Organisation: UN Economic and Social Council,Report of the Economic and Social Council on its 2020 Session (A/75/3/Rev.1),,,1.8519
2017,Report of the Economic and Social Council on its 2017 Session (A/72/3),"Proportion of voting rights of developing countries in international organizations, by organization [10.6.1, 16.8.1]",International Organisation: UN Economic and Social Council,Report of the Economic and Social Council on its 2020 Session (A/75/3/Rev.1),,,1.85185185185185
2021,Report of the Economic and Social Council on its 2020 Session (A/75/3/Rev.1),"Proportion of voting rights of developing countries in international organizations, by organization [10.6.1, 16.8.1]",International Organisation: UN Economic and Social Council,Report of the Economic and Social Council on its 2020 Session (A/75/3/Rev.1),,,1.85185
2000,The World Bank Annual Report 2000: Financial Statement and Appendixes to the Annual Report,"Proportion of voting rights of developing countries in international organizations, by organization [10.6.1, 16.8.1]",International Organisation: International Bank for Reconstruction and Development,"International Bank for Reconstruction and Development Management’s Discussion & Analysis and Financial Statements June 30, 2021",,,0.2221
2005,"International Bank for Reconstruction and Development Management’s Discussion & Analysis and Financial Statements June 30, 2005","Proportion of voting rights of developing countries in international organizations, by organization [10.6.1, 16.8.1]",International Organisation: International Bank for Reconstruction and Development,"International Bank for Reconstruction and Development Management’s Discussion & Analysis and Financial Statements June 30, 2021",,,0.2209
2010,"International Bank for Reconstruction and Development Management’s Discussion & Analysis and Financial Statements June 30, 2010","Proportion of voting rights of developing countries in international organizations, by organization [10.6.1, 16.8.1]",International Organisation: International Bank for Reconstruction and Development,"International Bank for Reconstruction and Development Management’s Discussion & Analysis and Financial Statements June 30, 2021",,,0.2205
2015,"International Bank for Reconstruction and Development Management’s Discussion & Analysis and Financial Statements June 30, 2015","Proportion of voting rights of developing countries in international organizations, by organization [10.6.1, 16.8.1]",International Organisation: International Bank for Reconstruction and Development,"International Bank for Reconstruction and Development Management’s Discussion & Analysis and Financial Statements June 30, 2021",,,0.1906
2016,"International Bank for Reconstruction and Development Management’s Discussion & Analysis and Financial Statements June 30, 2016","Proportion of voting rights of developing countries in international organizations, by organization [10.6.1, 16.8.1]",International Organisation: International Bank for Reconstruction and Development,"International Bank for Reconstruction and Development Management’s Discussion & Analysis and Financial Statements June 30, 2021",,,0.18
2017,"International Bank for Reconstruction and Development Management’s Discussion & Analysis and Financial Statements June 30, 2017","Proportion of voting rights of developing countries in international organizations, by organization [10.6.1, 16.8.1]",International Organisation: International Bank for Reconstruction and Development,"International Bank for Reconstruction and Development Management’s Discussion & Analysis and Financial Statements June 30, 2021",,,0.1808
2018,"International Bank for Reconstruction and Development Management’s Discussion & Analysis and Financial Statements June 30, 2018","Proportion of voting rights of developing countries in international organizations, by organization [10.6.1, 16.8.1]",International Organisation: International Bank for Reconstruction and Development,"International Bank for Reconstruction and Development Management’s Discussion & Analysis and Financial Statements June 30, 2021",,,0.1776
2019,"International Bank for Reconstruction and Development Management’s Discussion & Analysis and Financial Statements June 30, 2019 ","Proportion of voting rights of developing countries in international organizations, by organization [10.6.1, 16.8.1]",International Organisation: International Bank for Reconstruction and Development,"International Bank for Reconstruction and Development Management’s Discussion & Analysis and Financial Statements June 30, 2021",,,0.1749
2020,"International Bank for Reconstruction and Development Management’s Discussion & Analysis and Financial Statements June 30, 2020","Proportion of voting rights of developing countries in international organizations, by organization [10.6.1, 16.8.1]",International Organisation: International Bank for Reconstruction and Development,"International Bank for Reconstruction and Development Management’s Discussion & Analysis and Financial Statements June 30, 2021",,,0.17079
2021,"International Bank for Reconstruction and Development Management’s Discussion & Analysis and Financial Statements June 30, 2021","Proportion of voting rights of developing countries in international organizations, by organization [10.6.1, 16.8.1]",International Organisation: International Bank for Reconstruction and Development,"International Bank for Reconstruction and Development Management’s Discussion & Analysis and Financial Statements June 30, 2021",,,0.16565
2000,IFC 2000 Annual Report Volume 2,"Proportion of voting rights of developing countries in international organizations, by organization [10.6.1, 16.8.1]",International Organisation: International Finance Corporation,IFC 2021 Annual Report Volume 2,,,0.0987
2005,IFC 2005 Annual Report Volume 2,"Proportion of voting rights of developing countries in international organizations, by organization [10.6.1, 16.8.1]",International Organisation: International Finance Corporation,IFC 2021 Annual Report Volume 2,,,0.0984
2010,IFC 2010 Annual Report Volume 2,"Proportion of voting rights of developing countries in international organizations, by organization [10.6.1, 16.8.1]",International Organisation: International Finance Corporation,IFC 2021 Annual Report Volume 2,,,0.0981
2015,IFC 2015 Annual Report Volume 2,"Proportion of voting rights of developing countries in international organizations, by organization [10.6.1, 16.8.1]",International Organisation: International Finance Corporation,IFC 2021 Annual Report Volume 2,,,0.14851
2016,IFC 2016 Annual Report Volume 2,"Proportion of voting rights of developing countries in international organizations, by organization [10.6.1, 16.8.1]",International Organisation: International Finance Corporation,IFC 2021 Annual Report Volume 2,,,0.14851
2017,IFC 2017 Annual Report Volume 2,"Proportion of voting rights of developing countries in international organizations, by organization [10.6.1, 16.8.1]",International Organisation: International Finance Corporation,IFC 2021 Annual Report Volume 2,,,0.14851
2018,IFC 2018 Annual Report Volume 2,"Proportion of voting rights of developing countries in international organizations, by organization [10.6.1, 16.8.1]",International Organisation: International Finance Corporation,IFC 2021 Annual Report Volume 2,,,0.1485
2019,IFC 2019 Annual Report Volume 2,"Proportion of voting rights of developing countries in international organizations, by organization [10.6.1, 16.8.1]",International Organisation: International Finance Corporation,IFC 2021 Annual Report Volume 2,,,0.1473
2020,IFC 2020 Annual Report Volume 2,"Proportion of voting rights of developing countries in international organizations, by organization [10.6.1, 16.8.1]",International Organisation: International Finance Corporation,IFC 2021 Annual Report Volume 2,,,0.14831
2021,IFC 2021 Annual Report Volume 2,"Proportion of voting rights of developing countries in international organizations, by organization [10.6.1, 16.8.1]",International Organisation: International Finance Corporation,IFC 2021 Annual Report Volume 2,,,0.14075
2000,IMF Annual Report 2000,"Proportion of voting rights of developing countries in international organizations, by organization [10.6.1, 16.8.1]",International Organisation: International Monetary Fund,IMF Annual Report 2021,Obs_Value = 0;  ,,0.1768
2005,IMF Annual Report 2005,"Proportion of voting rights of developing countries in international organizations, by organization [10.6.1, 16.8.1]",International Organisation: International Monetary Fund,IMF Annual Report 2021,Obs_Value = 0;  ,Obs_Value = 0;  ,0.0
2010,IMF Annual Report 2010,"Proportion of voting rights of developing countries in international organizations, by organization [10.6.1, 16.8.1]",International Organisation: International Monetary Fund,IMF Annual Report 2021,Obs_Value = 0;  ,Obs_Value = 0;  ,0.0
2015,IMF Annual Report 2015,"Proportion of voting rights of developing countries in international organizations, by organization [10.6.1, 16.8.1]",International Organisation: International Monetary Fund,IMF Annual Report 2021,Obs_Value = 0;  ,,0.1695
2016,IMF Annual Report 2016,"Proportion of voting rights of developing countries in international organizations, by organization [10.6.1, 16.8.1]",International Organisation: International Monetary Fund,IMF Annual Report 2021,Obs_Value = 0;  ,,0.171
2017,IMF Annual Report 2017,"Proportion of voting rights of developing countries in international organizations, by organization [10.6.1, 16.8.1]",International Organisation: International Monetary Fund,IMF Annual Report 2021,Obs_Value = 0;  ,,0.1696
2018,IMF Annual Report 2018,"Proportion of voting rights of developing countries in international organizations, by organization [10.6.1, 16.8.1]",International Organisation: International Monetary Fund,IMF Annual Report 2021,Obs_Value = 0;  ,,0.1696
2019,IMF Annual Report 2019,"Proportion of voting rights of developing countries in international organizations, by organization [10.6.1, 16.8.1]",International Organisation: International Monetary Fund,IMF Annual Report 2021,Obs_Value = 0;  ,,0.16959
2020,IMF Annual Report 2020,"Proportion of voting rights of developing countries in international organizations, by organization [10.6.1, 16.8.1]",International Organisation: International Monetary Fund,IMF Annual Report 2021,Obs_Value = 0;  ,,0.16952
2021,IMF Annual Report 2021,"Proportion of voting rights of developing countries in international organizations, by organization [10.6.1, 16.8.1]",International Organisation: International Monetary Fund,IMF Annual Report 2021,Obs_Value = 0;  ,,0.16919
2000,UN General Assembly website http://www.un.org/en/member-states/index.html,"Proportion of voting rights of developing countries in international organizations, by organization [10.6.1, 16.8.1]",International Organisation: UN General Assembly,UN General Assembly website http://www.un.org/en/member-states/index.html,,,0.5291
2005,UN General Assembly website http://www.un.org/en/member-states/index.html,"Proportion of voting rights of developing countries in international organizations, by organization [10.6.1, 16.8.1]",International Organisation: UN General Assembly,UN General Assembly website http://www.un.org/en/member-states/index.html,,,0.5236
2010,UN General Assembly website http://www.un.org/en/member-states/index.html,"Proportion of voting rights of developing countries in international organizations, by organization [10.6.1, 16.8.1]",International Organisation: UN General Assembly,UN General Assembly website http://www.un.org/en/member-states/index.html,,,0.5208
2015,UN General Assembly website http://www.un.org/en/member-states/index.html,"Proportion of voting rights of developing countries in international organizations, by organization [10.6.1, 16.8.1]",International Organisation: UN General Assembly,UN General Assembly website http://www.un.org/en/member-states/index.html,,,0.5181
2016,UN General Assembly website http://www.un.org/en/member-states/index.html,"Proportion of voting rights of developing countries in international organizations, by organization [10.6.1, 16.8.1]",International Organisation: UN General Assembly,UN General Assembly website http://www.un.org/en/member-states/index.html,,,0.5181
2017,UN General Assembly website http://www.un.org/en/member-states/index.html,"Proportion of voting rights of developing countries in international organizations, by organization [10.6.1, 16.8.1]",International Organisation: UN General Assembly,UN General Assembly website http://www.un.org/en/member-states/index.html,,,0.5181
2018,UN General Assembly website http://www.un.org/en/member-states/index.html,"Proportion of voting rights of developing countries in international organizations, by organization [10.6.1, 16.8.1]",International Organisation: UN General Assembly,UN General Assembly website http://www.un.org/en/member-states/index.html,,,0.5181
2019,UN General Assembly website http://www.un.org/en/member-states/index.html,"Proportion of voting rights of developing countries in international organizations, by organization [10.6.1, 16.8.1]",International Organisation: UN General Assembly,UN General Assembly website http://www.un.org/en/member-states/index.html,,,0.5181
2020,UN General Assembly website http://www.un.org/en/member-states/index.html,"Proportion of voting rights of developing countries in international organizations, by organization [10.6.1, 16.8.1]",International Organisation: UN General Assembly,UN General Assembly website http://www.un.org/en/member-states/index.html,,,0.5181
2021,UN General Assembly website http://www.un.org/en/member-states/index.html,"Proportion of voting rights of developing countries in international organizations, by organization [10.6.1, 16.8.1]",International Organisation: UN General Assembly,UN General Assembly website http://www.un.org/en/member-states/index.html,,,0.51813
2000,WTO Annual Report 2015,"Proportion of voting rights of developing countries in international organizations, by organization [10.6.1, 16.8.1]",International Organisation: World Trade Organisation,WTO Annual Report 2021,,,0.7143
2005,WTO Annual Report 2015,"Proportion of voting rights of developing countries in international organizations, by organization [10.6.1, 16.8.1]",International Organisation: World Trade Organisation,WTO Annual Report 2021,,,0.6711
2010,WTO Annual Report 2015,"Proportion of voting rights of developing countries in international organizations, by organization [10.6.1, 16.8.1]",International Organisation: World Trade Organisation,WTO Annual Report 2021,,,0.6536
2015,WTO Annual Report 2015,"Proportion of voting rights of developing countries in international organizations, by organization [10.6.1, 16.8.1]",International Organisation: World Trade Organisation,WTO Annual Report 2021,,,0.625
2016,WTO Annual Report 2016,"Proportion of voting rights of developing countries in international organizations, by organization [10.6.1, 16.8.1]",International Organisation: World Trade Organisation,WTO Annual Report 2021,,,0.6173
2017,WTO Annual Report 2017,"Proportion of voting rights of developing countries in international organizations, by organization [10.6.1, 16.8.1]",International Organisation: World Trade Organisation,WTO Annual Report 2021,,,0.6098
2018,WTO Annual Report 2018,"Proportion of voting rights of developing countries in international organizations, by organization [10.6.1, 16.8.1]",International Organisation: World Trade Organisation,WTO Annual Report 2021,,,0.6098
2019,WTO Annual Report 2019,"Proportion of voting rights of developing countries in international organizations, by organization [10.6.1, 16.8.1]",International Organisation: World Trade Organisation,WTO Annual Report 2021,,,0.6098
2020,WTO Annual Report 2020,"Proportion of voting rights of developing countries in international organizations, by organization [10.6.1, 16.8.1]",International Organisation: World Trade Organisation,WTO Annual Report 2021,,,0.60976
2021,WTO Annual Report 2021,"Proportion of voting rights of developing countries in international organizations, by organization [10.6.1, 16.8.1]",International Organisation: World Trade Organisation,WTO Annual Report 2021,,,0.60976
