Year,COMMENT_OBS,SDG Series,Observation-level footnotes,Value
2005,Obs_Value = 0;  Disclaimer: The data being submitted by UNDRR has been extracted from two sources: (a) the Sendai Framework Monitoring System as provided by designated national focal points; and (b) DesInventar disaster loss databases. Some of the data has not followed an official validation process and may be subject to revision at a later date.,Number of disruptions to basic services attributed to disasters [11.5.3],Disclaimer: The data being submitted by UNDRR has been extracted from two sources: (a) the Sendai Framework Monitoring System as provided by designated national focal points; and (b) DesInventar disaster loss databases. Some of the data has not followed an official validation process and may be subject to revision at a later date.,0
2006,Disclaimer: The data being submitted by UNDRR has been extracted from two sources: (a) the Sendai Framework Monitoring System as provided by designated national focal points; and (b) DesInventar disaster loss databases. Some of the data has not followed an official validation process and may be subject to revision at a later date.,Number of disruptions to basic services attributed to disasters [11.5.3],Disclaimer: The data being submitted by UNDRR has been extracted from two sources: (a) the Sendai Framework Monitoring System as provided by designated national focal points; and (b) DesInventar disaster loss databases. Some of the data has not followed an official validation process and may be subject to revision at a later date.,9
2007,Disclaimer: The data being submitted by UNDRR has been extracted from two sources: (a) the Sendai Framework Monitoring System as provided by designated national focal points; and (b) DesInventar disaster loss databases. Some of the data has not followed an official validation process and may be subject to revision at a later date.,Number of disruptions to basic services attributed to disasters [11.5.3],Disclaimer: The data being submitted by UNDRR has been extracted from two sources: (a) the Sendai Framework Monitoring System as provided by designated national focal points; and (b) DesInventar disaster loss databases. Some of the data has not followed an official validation process and may be subject to revision at a later date.,21
2008,Disclaimer: The data being submitted by UNDRR has been extracted from two sources: (a) the Sendai Framework Monitoring System as provided by designated national focal points; and (b) DesInventar disaster loss databases. Some of the data has not followed an official validation process and may be subject to revision at a later date.,Number of disruptions to basic services attributed to disasters [11.5.3],Disclaimer: The data being submitted by UNDRR has been extracted from two sources: (a) the Sendai Framework Monitoring System as provided by designated national focal points; and (b) DesInventar disaster loss databases. Some of the data has not followed an official validation process and may be subject to revision at a later date.,13
2009,Disclaimer: The data being submitted by UNDRR has been extracted from two sources: (a) the Sendai Framework Monitoring System as provided by designated national focal points; and (b) DesInventar disaster loss databases. Some of the data has not followed an official validation process and may be subject to revision at a later date.,Number of disruptions to basic services attributed to disasters [11.5.3],Disclaimer: The data being submitted by UNDRR has been extracted from two sources: (a) the Sendai Framework Monitoring System as provided by designated national focal points; and (b) DesInventar disaster loss databases. Some of the data has not followed an official validation process and may be subject to revision at a later date.,189
2010,Disclaimer: The data being submitted by UNDRR has been extracted from two sources: (a) the Sendai Framework Monitoring System as provided by designated national focal points; and (b) DesInventar disaster loss databases. Some of the data has not followed an official validation process and may be subject to revision at a later date.,Number of disruptions to basic services attributed to disasters [11.5.3],Disclaimer: The data being submitted by UNDRR has been extracted from two sources: (a) the Sendai Framework Monitoring System as provided by designated national focal points; and (b) DesInventar disaster loss databases. Some of the data has not followed an official validation process and may be subject to revision at a later date.,277
2011,Obs_Value = 0;  Disclaimer: The data being submitted by UNDRR has been extracted from two sources: (a) the Sendai Framework Monitoring System as provided by designated national focal points; and (b) DesInventar disaster loss databases. Some of the data has not followed an official validation process and may be subject to revision at a later date.,Number of disruptions to basic services attributed to disasters [11.5.3],Disclaimer: The data being submitted by UNDRR has been extracted from two sources: (a) the Sendai Framework Monitoring System as provided by designated national focal points; and (b) DesInventar disaster loss databases. Some of the data has not followed an official validation process and may be subject to revision at a later date.,0
2012,Disclaimer: The data being submitted by UNDRR has been extracted from two sources: (a) the Sendai Framework Monitoring System as provided by designated national focal points; and (b) DesInventar disaster loss databases. Some of the data has not followed an official validation process and may be subject to revision at a later date.,Number of disruptions to basic services attributed to disasters [11.5.3],Disclaimer: The data being submitted by UNDRR has been extracted from two sources: (a) the Sendai Framework Monitoring System as provided by designated national focal points; and (b) DesInventar disaster loss databases. Some of the data has not followed an official validation process and may be subject to revision at a later date.,153
2013,Disclaimer: The data being submitted by UNDRR has been extracted from two sources: (a) the Sendai Framework Monitoring System as provided by designated national focal points; and (b) DesInventar disaster loss databases. Some of the data has not followed an official validation process and may be subject to revision at a later date.,Number of disruptions to basic services attributed to disasters [11.5.3],Disclaimer: The data being submitted by UNDRR has been extracted from two sources: (a) the Sendai Framework Monitoring System as provided by designated national focal points; and (b) DesInventar disaster loss databases. Some of the data has not followed an official validation process and may be subject to revision at a later date.,115
2014,Disclaimer: The data being submitted by UNDRR has been extracted from two sources: (a) the Sendai Framework Monitoring System as provided by designated national focal points; and (b) DesInventar disaster loss databases. Some of the data has not followed an official validation process and may be subject to revision at a later date.,Number of disruptions to basic services attributed to disasters [11.5.3],Disclaimer: The data being submitted by UNDRR has been extracted from two sources: (a) the Sendai Framework Monitoring System as provided by designated national focal points; and (b) DesInventar disaster loss databases. Some of the data has not followed an official validation process and may be subject to revision at a later date.,134
2015,Disclaimer: The data being submitted by UNDRR has been extracted from two sources: (a) the Sendai Framework Monitoring System as provided by designated national focal points; and (b) DesInventar disaster loss databases. Some of the data has not followed an official validation process and may be subject to revision at a later date.,Number of disruptions to basic services attributed to disasters [11.5.3],Disclaimer: The data being submitted by UNDRR has been extracted from two sources: (a) the Sendai Framework Monitoring System as provided by designated national focal points; and (b) DesInventar disaster loss databases. Some of the data has not followed an official validation process and may be subject to revision at a later date.,412
2016,Disclaimer: The data being submitted by UNDRR has been extracted from two sources: (a) the Sendai Framework Monitoring System as provided by designated national focal points; and (b) DesInventar disaster loss databases. Some of the data has not followed an official validation process and may be subject to revision at a later date.,Number of disruptions to basic services attributed to disasters [11.5.3],Disclaimer: The data being submitted by UNDRR has been extracted from two sources: (a) the Sendai Framework Monitoring System as provided by designated national focal points; and (b) DesInventar disaster loss databases. Some of the data has not followed an official validation process and may be subject to revision at a later date.,281
2017,Disclaimer: The data being submitted by UNDRR has been extracted from two sources: (a) the Sendai Framework Monitoring System as provided by designated national focal points; and (b) DesInventar disaster loss databases. Some of the data has not followed an official validation process and may be subject to revision at a later date.,Number of disruptions to basic services attributed to disasters [11.5.3],Disclaimer: The data being submitted by UNDRR has been extracted from two sources: (a) the Sendai Framework Monitoring System as provided by designated national focal points; and (b) DesInventar disaster loss databases. Some of the data has not followed an official validation process and may be subject to revision at a later date.,11
2019,Disclaimer: The data being submitted by UNDRR has been extracted from two sources: (a) the Sendai Framework Monitoring System as provided by designated national focal points; and (b) DesInventar disaster loss databases. Some of the data has not followed an official validation process and may be subject to revision at a later date.,Number of disruptions to basic services attributed to disasters [11.5.3],Disclaimer: The data being submitted by UNDRR has been extracted from two sources: (a) the Sendai Framework Monitoring System as provided by designated national focal points; and (b) DesInventar disaster loss databases. Some of the data has not followed an official validation process and may be subject to revision at a later date.,25
2020,Disclaimer: The data being submitted by UNDRR has been extracted from two sources: (a) the Sendai Framework Monitoring System as provided by designated national focal points; and (b) DesInventar disaster loss databases. Some of the data has not followed an official validation process and may be subject to revision at a later date.,Number of disruptions to basic services attributed to disasters [11.5.3],Disclaimer: The data being submitted by UNDRR has been extracted from two sources: (a) the Sendai Framework Monitoring System as provided by designated national focal points; and (b) DesInventar disaster loss databases. Some of the data has not followed an official validation process and may be subject to revision at a later date.,5
2005,Obs_Value = 0;  Disclaimer: The data being submitted by UNDRR has been extracted from two sources: (a) the Sendai Framework Monitoring System as provided by designated national focal points; and (b) DesInventar disaster loss databases. Some of the data has not followed an official validation process and may be subject to revision at a later date.,Number of damaged critical infrastructure attributed to disasters [11.5.3],Disclaimer: The data being submitted by UNDRR has been extracted from two sources: (a) the Sendai Framework Monitoring System as provided by designated national focal points; and (b) DesInventar disaster loss databases. Some of the data has not followed an official validation process and may be subject to revision at a later date.,0
2006,Obs_Value = 0;  Disclaimer: The data being submitted by UNDRR has been extracted from two sources: (a) the Sendai Framework Monitoring System as provided by designated national focal points; and (b) DesInventar disaster loss databases. Some of the data has not followed an official validation process and may be subject to revision at a later date.,Number of damaged critical infrastructure attributed to disasters [11.5.3],Disclaimer: The data being submitted by UNDRR has been extracted from two sources: (a) the Sendai Framework Monitoring System as provided by designated national focal points; and (b) DesInventar disaster loss databases. Some of the data has not followed an official validation process and may be subject to revision at a later date.,0
2007,Obs_Value = 0;  Disclaimer: The data being submitted by UNDRR has been extracted from two sources: (a) the Sendai Framework Monitoring System as provided by designated national focal points; and (b) DesInventar disaster loss databases. Some of the data has not followed an official validation process and may be subject to revision at a later date.,Number of damaged critical infrastructure attributed to disasters [11.5.3],Disclaimer: The data being submitted by UNDRR has been extracted from two sources: (a) the Sendai Framework Monitoring System as provided by designated national focal points; and (b) DesInventar disaster loss databases. Some of the data has not followed an official validation process and may be subject to revision at a later date.,0
2008,Obs_Value = 0;  Disclaimer: The data being submitted by UNDRR has been extracted from two sources: (a) the Sendai Framework Monitoring System as provided by designated national focal points; and (b) DesInventar disaster loss databases. Some of the data has not followed an official validation process and may be subject to revision at a later date.,Number of damaged critical infrastructure attributed to disasters [11.5.3],Disclaimer: The data being submitted by UNDRR has been extracted from two sources: (a) the Sendai Framework Monitoring System as provided by designated national focal points; and (b) DesInventar disaster loss databases. Some of the data has not followed an official validation process and may be subject to revision at a later date.,0
2009,Obs_Value = 0;  Disclaimer: The data being submitted by UNDRR has been extracted from two sources: (a) the Sendai Framework Monitoring System as provided by designated national focal points; and (b) DesInventar disaster loss databases. Some of the data has not followed an official validation process and may be subject to revision at a later date.,Number of damaged critical infrastructure attributed to disasters [11.5.3],Disclaimer: The data being submitted by UNDRR has been extracted from two sources: (a) the Sendai Framework Monitoring System as provided by designated national focal points; and (b) DesInventar disaster loss databases. Some of the data has not followed an official validation process and may be subject to revision at a later date.,0
2010,Obs_Value = 0;  Disclaimer: The data being submitted by UNDRR has been extracted from two sources: (a) the Sendai Framework Monitoring System as provided by designated national focal points; and (b) DesInventar disaster loss databases. Some of the data has not followed an official validation process and may be subject to revision at a later date.,Number of damaged critical infrastructure attributed to disasters [11.5.3],Disclaimer: The data being submitted by UNDRR has been extracted from two sources: (a) the Sendai Framework Monitoring System as provided by designated national focal points; and (b) DesInventar disaster loss databases. Some of the data has not followed an official validation process and may be subject to revision at a later date.,0
2011,Obs_Value = 0;  Disclaimer: The data being submitted by UNDRR has been extracted from two sources: (a) the Sendai Framework Monitoring System as provided by designated national focal points; and (b) DesInventar disaster loss databases. Some of the data has not followed an official validation process and may be subject to revision at a later date.,Number of damaged critical infrastructure attributed to disasters [11.5.3],Disclaimer: The data being submitted by UNDRR has been extracted from two sources: (a) the Sendai Framework Monitoring System as provided by designated national focal points; and (b) DesInventar disaster loss databases. Some of the data has not followed an official validation process and may be subject to revision at a later date.,0
2012,Obs_Value = 0;  Disclaimer: The data being submitted by UNDRR has been extracted from two sources: (a) the Sendai Framework Monitoring System as provided by designated national focal points; and (b) DesInventar disaster loss databases. Some of the data has not followed an official validation process and may be subject to revision at a later date.,Number of damaged critical infrastructure attributed to disasters [11.5.3],Disclaimer: The data being submitted by UNDRR has been extracted from two sources: (a) the Sendai Framework Monitoring System as provided by designated national focal points; and (b) DesInventar disaster loss databases. Some of the data has not followed an official validation process and may be subject to revision at a later date.,0
2013,Disclaimer: The data being submitted by UNDRR has been extracted from two sources: (a) the Sendai Framework Monitoring System as provided by designated national focal points; and (b) DesInventar disaster loss databases. Some of the data has not followed an official validation process and may be subject to revision at a later date.,Number of damaged critical infrastructure attributed to disasters [11.5.3],Disclaimer: The data being submitted by UNDRR has been extracted from two sources: (a) the Sendai Framework Monitoring System as provided by designated national focal points; and (b) DesInventar disaster loss databases. Some of the data has not followed an official validation process and may be subject to revision at a later date.,6
2014,Obs_Value = 0;  Disclaimer: The data being submitted by UNDRR has been extracted from two sources: (a) the Sendai Framework Monitoring System as provided by designated national focal points; and (b) DesInventar disaster loss databases. Some of the data has not followed an official validation process and may be subject to revision at a later date.,Number of damaged critical infrastructure attributed to disasters [11.5.3],Disclaimer: The data being submitted by UNDRR has been extracted from two sources: (a) the Sendai Framework Monitoring System as provided by designated national focal points; and (b) DesInventar disaster loss databases. Some of the data has not followed an official validation process and may be subject to revision at a later date.,0
2015,Obs_Value = 0;  Disclaimer: The data being submitted by UNDRR has been extracted from two sources: (a) the Sendai Framework Monitoring System as provided by designated national focal points; and (b) DesInventar disaster loss databases. Some of the data has not followed an official validation process and may be subject to revision at a later date.,Number of damaged critical infrastructure attributed to disasters [11.5.3],Disclaimer: The data being submitted by UNDRR has been extracted from two sources: (a) the Sendai Framework Monitoring System as provided by designated national focal points; and (b) DesInventar disaster loss databases. Some of the data has not followed an official validation process and may be subject to revision at a later date.,0
2016,Obs_Value = 0;  Disclaimer: The data being submitted by UNDRR has been extracted from two sources: (a) the Sendai Framework Monitoring System as provided by designated national focal points; and (b) DesInventar disaster loss databases. Some of the data has not followed an official validation process and may be subject to revision at a later date.,Number of damaged critical infrastructure attributed to disasters [11.5.3],Disclaimer: The data being submitted by UNDRR has been extracted from two sources: (a) the Sendai Framework Monitoring System as provided by designated national focal points; and (b) DesInventar disaster loss databases. Some of the data has not followed an official validation process and may be subject to revision at a later date.,0
2017,Obs_Value = 0;  Disclaimer: The data being submitted by UNDRR has been extracted from two sources: (a) the Sendai Framework Monitoring System as provided by designated national focal points; and (b) DesInventar disaster loss databases. Some of the data has not followed an official validation process and may be subject to revision at a later date.,Number of damaged critical infrastructure attributed to disasters [11.5.3],Disclaimer: The data being submitted by UNDRR has been extracted from two sources: (a) the Sendai Framework Monitoring System as provided by designated national focal points; and (b) DesInventar disaster loss databases. Some of the data has not followed an official validation process and may be subject to revision at a later date.,0
2019,Obs_Value = 0;  Disclaimer: The data being submitted by UNDRR has been extracted from two sources: (a) the Sendai Framework Monitoring System as provided by designated national focal points; and (b) DesInventar disaster loss databases. Some of the data has not followed an official validation process and may be subject to revision at a later date.,Number of damaged critical infrastructure attributed to disasters [11.5.3],Disclaimer: The data being submitted by UNDRR has been extracted from two sources: (a) the Sendai Framework Monitoring System as provided by designated national focal points; and (b) DesInventar disaster loss databases. Some of the data has not followed an official validation process and may be subject to revision at a later date.,0
2020,Disclaimer: The data being submitted by UNDRR has been extracted from two sources: (a) the Sendai Framework Monitoring System as provided by designated national focal points; and (b) DesInventar disaster loss databases. Some of the data has not followed an official validation process and may be subject to revision at a later date.,Number of damaged critical infrastructure attributed to disasters [11.5.3],Disclaimer: The data being submitted by UNDRR has been extracted from two sources: (a) the Sendai Framework Monitoring System as provided by designated national focal points; and (b) DesInventar disaster loss databases. Some of the data has not followed an official validation process and may be subject to revision at a later date.,3
2005,Obs_Value = 0;  Disclaimer: The data being submitted by UNDRR has been extracted from two sources: (a) the Sendai Framework Monitoring System as provided by designated national focal points; and (b) DesInventar disaster loss databases. Some of the data has not followed an official validation process and may be subject to revision at a later date.,Number of destroyed or damaged educational facilities attributed to disasters [11.5.3],Disclaimer: The data being submitted by UNDRR has been extracted from two sources: (a) the Sendai Framework Monitoring System as provided by designated national focal points; and (b) DesInventar disaster loss databases. Some of the data has not followed an official validation process and may be subject to revision at a later date.,0
2006,Obs_Value = 0;  Disclaimer: The data being submitted by UNDRR has been extracted from two sources: (a) the Sendai Framework Monitoring System as provided by designated national focal points; and (b) DesInventar disaster loss databases. Some of the data has not followed an official validation process and may be subject to revision at a later date.,Number of destroyed or damaged educational facilities attributed to disasters [11.5.3],Disclaimer: The data being submitted by UNDRR has been extracted from two sources: (a) the Sendai Framework Monitoring System as provided by designated national focal points; and (b) DesInventar disaster loss databases. Some of the data has not followed an official validation process and may be subject to revision at a later date.,0
2007,Obs_Value = 0;  Disclaimer: The data being submitted by UNDRR has been extracted from two sources: (a) the Sendai Framework Monitoring System as provided by designated national focal points; and (b) DesInventar disaster loss databases. Some of the data has not followed an official validation process and may be subject to revision at a later date.,Number of destroyed or damaged educational facilities attributed to disasters [11.5.3],Disclaimer: The data being submitted by UNDRR has been extracted from two sources: (a) the Sendai Framework Monitoring System as provided by designated national focal points; and (b) DesInventar disaster loss databases. Some of the data has not followed an official validation process and may be subject to revision at a later date.,0
2008,Obs_Value = 0;  Disclaimer: The data being submitted by UNDRR has been extracted from two sources: (a) the Sendai Framework Monitoring System as provided by designated national focal points; and (b) DesInventar disaster loss databases. Some of the data has not followed an official validation process and may be subject to revision at a later date.,Number of destroyed or damaged educational facilities attributed to disasters [11.5.3],Disclaimer: The data being submitted by UNDRR has been extracted from two sources: (a) the Sendai Framework Monitoring System as provided by designated national focal points; and (b) DesInventar disaster loss databases. Some of the data has not followed an official validation process and may be subject to revision at a later date.,0
2009,Obs_Value = 0;  Disclaimer: The data being submitted by UNDRR has been extracted from two sources: (a) the Sendai Framework Monitoring System as provided by designated national focal points; and (b) DesInventar disaster loss databases. Some of the data has not followed an official validation process and may be subject to revision at a later date.,Number of destroyed or damaged educational facilities attributed to disasters [11.5.3],Disclaimer: The data being submitted by UNDRR has been extracted from two sources: (a) the Sendai Framework Monitoring System as provided by designated national focal points; and (b) DesInventar disaster loss databases. Some of the data has not followed an official validation process and may be subject to revision at a later date.,0
2010,Obs_Value = 0;  Disclaimer: The data being submitted by UNDRR has been extracted from two sources: (a) the Sendai Framework Monitoring System as provided by designated national focal points; and (b) DesInventar disaster loss databases. Some of the data has not followed an official validation process and may be subject to revision at a later date.,Number of destroyed or damaged educational facilities attributed to disasters [11.5.3],Disclaimer: The data being submitted by UNDRR has been extracted from two sources: (a) the Sendai Framework Monitoring System as provided by designated national focal points; and (b) DesInventar disaster loss databases. Some of the data has not followed an official validation process and may be subject to revision at a later date.,0
2011,Obs_Value = 0;  Disclaimer: The data being submitted by UNDRR has been extracted from two sources: (a) the Sendai Framework Monitoring System as provided by designated national focal points; and (b) DesInventar disaster loss databases. Some of the data has not followed an official validation process and may be subject to revision at a later date.,Number of destroyed or damaged educational facilities attributed to disasters [11.5.3],Disclaimer: The data being submitted by UNDRR has been extracted from two sources: (a) the Sendai Framework Monitoring System as provided by designated national focal points; and (b) DesInventar disaster loss databases. Some of the data has not followed an official validation process and may be subject to revision at a later date.,0
2012,Obs_Value = 0;  Disclaimer: The data being submitted by UNDRR has been extracted from two sources: (a) the Sendai Framework Monitoring System as provided by designated national focal points; and (b) DesInventar disaster loss databases. Some of the data has not followed an official validation process and may be subject to revision at a later date.,Number of destroyed or damaged educational facilities attributed to disasters [11.5.3],Disclaimer: The data being submitted by UNDRR has been extracted from two sources: (a) the Sendai Framework Monitoring System as provided by designated national focal points; and (b) DesInventar disaster loss databases. Some of the data has not followed an official validation process and may be subject to revision at a later date.,0
2013,Disclaimer: The data being submitted by UNDRR has been extracted from two sources: (a) the Sendai Framework Monitoring System as provided by designated national focal points; and (b) DesInventar disaster loss databases. Some of the data has not followed an official validation process and may be subject to revision at a later date.,Number of destroyed or damaged educational facilities attributed to disasters [11.5.3],Disclaimer: The data being submitted by UNDRR has been extracted from two sources: (a) the Sendai Framework Monitoring System as provided by designated national focal points; and (b) DesInventar disaster loss databases. Some of the data has not followed an official validation process and may be subject to revision at a later date.,6
2014,Obs_Value = 0;  Disclaimer: The data being submitted by UNDRR has been extracted from two sources: (a) the Sendai Framework Monitoring System as provided by designated national focal points; and (b) DesInventar disaster loss databases. Some of the data has not followed an official validation process and may be subject to revision at a later date.,Number of destroyed or damaged educational facilities attributed to disasters [11.5.3],Disclaimer: The data being submitted by UNDRR has been extracted from two sources: (a) the Sendai Framework Monitoring System as provided by designated national focal points; and (b) DesInventar disaster loss databases. Some of the data has not followed an official validation process and may be subject to revision at a later date.,0
2015,Obs_Value = 0;  Disclaimer: The data being submitted by UNDRR has been extracted from two sources: (a) the Sendai Framework Monitoring System as provided by designated national focal points; and (b) DesInventar disaster loss databases. Some of the data has not followed an official validation process and may be subject to revision at a later date.,Number of destroyed or damaged educational facilities attributed to disasters [11.5.3],Disclaimer: The data being submitted by UNDRR has been extracted from two sources: (a) the Sendai Framework Monitoring System as provided by designated national focal points; and (b) DesInventar disaster loss databases. Some of the data has not followed an official validation process and may be subject to revision at a later date.,0
2016,Obs_Value = 0;  Disclaimer: The data being submitted by UNDRR has been extracted from two sources: (a) the Sendai Framework Monitoring System as provided by designated national focal points; and (b) DesInventar disaster loss databases. Some of the data has not followed an official validation process and may be subject to revision at a later date.,Number of destroyed or damaged educational facilities attributed to disasters [11.5.3],Disclaimer: The data being submitted by UNDRR has been extracted from two sources: (a) the Sendai Framework Monitoring System as provided by designated national focal points; and (b) DesInventar disaster loss databases. Some of the data has not followed an official validation process and may be subject to revision at a later date.,0
2017,Obs_Value = 0;  Disclaimer: The data being submitted by UNDRR has been extracted from two sources: (a) the Sendai Framework Monitoring System as provided by designated national focal points; and (b) DesInventar disaster loss databases. Some of the data has not followed an official validation process and may be subject to revision at a later date.,Number of destroyed or damaged educational facilities attributed to disasters [11.5.3],Disclaimer: The data being submitted by UNDRR has been extracted from two sources: (a) the Sendai Framework Monitoring System as provided by designated national focal points; and (b) DesInventar disaster loss databases. Some of the data has not followed an official validation process and may be subject to revision at a later date.,0
2019,Obs_Value = 0;  Disclaimer: The data being submitted by UNDRR has been extracted from two sources: (a) the Sendai Framework Monitoring System as provided by designated national focal points; and (b) DesInventar disaster loss databases. Some of the data has not followed an official validation process and may be subject to revision at a later date.,Number of destroyed or damaged educational facilities attributed to disasters [11.5.3],Disclaimer: The data being submitted by UNDRR has been extracted from two sources: (a) the Sendai Framework Monitoring System as provided by designated national focal points; and (b) DesInventar disaster loss databases. Some of the data has not followed an official validation process and may be subject to revision at a later date.,0
2020,Disclaimer: The data being submitted by UNDRR has been extracted from two sources: (a) the Sendai Framework Monitoring System as provided by designated national focal points; and (b) DesInventar disaster loss databases. Some of the data has not followed an official validation process and may be subject to revision at a later date.,Number of destroyed or damaged educational facilities attributed to disasters [11.5.3],Disclaimer: The data being submitted by UNDRR has been extracted from two sources: (a) the Sendai Framework Monitoring System as provided by designated national focal points; and (b) DesInventar disaster loss databases. Some of the data has not followed an official validation process and may be subject to revision at a later date.,3
2005,Obs_Value = 0;  Disclaimer: The data being submitted by UNDRR has been extracted from two sources: (a) the Sendai Framework Monitoring System as provided by designated national focal points; and (b) DesInventar disaster loss databases. Some of the data has not followed an official validation process and may be subject to revision at a later date.,Number of disruptions to educational services attributed to disasters [11.5.3],Obs_Value = 0;  Disclaimer: The data being submitted by UNDRR has been extracted from two sources: (a) the Sendai Framework Monitoring System as provided by designated national focal points; and (b) DesInventar disaster loss databases. Some of the data has not followed an official validation process and may be subject to revision at a later date.,0
2006,Disclaimer: The data being submitted by UNDRR has been extracted from two sources: (a) the Sendai Framework Monitoring System as provided by designated national focal points; and (b) DesInventar disaster loss databases. Some of the data has not followed an official validation process and may be subject to revision at a later date.,Number of disruptions to educational services attributed to disasters [11.5.3],Obs_Value = 0;  Disclaimer: The data being submitted by UNDRR has been extracted from two sources: (a) the Sendai Framework Monitoring System as provided by designated national focal points; and (b) DesInventar disaster loss databases. Some of the data has not followed an official validation process and may be subject to revision at a later date.,6
2007,Disclaimer: The data being submitted by UNDRR has been extracted from two sources: (a) the Sendai Framework Monitoring System as provided by designated national focal points; and (b) DesInventar disaster loss databases. Some of the data has not followed an official validation process and may be subject to revision at a later date.,Number of disruptions to educational services attributed to disasters [11.5.3],Obs_Value = 0;  Disclaimer: The data being submitted by UNDRR has been extracted from two sources: (a) the Sendai Framework Monitoring System as provided by designated national focal points; and (b) DesInventar disaster loss databases. Some of the data has not followed an official validation process and may be subject to revision at a later date.,10
2008,Disclaimer: The data being submitted by UNDRR has been extracted from two sources: (a) the Sendai Framework Monitoring System as provided by designated national focal points; and (b) DesInventar disaster loss databases. Some of the data has not followed an official validation process and may be subject to revision at a later date.,Number of disruptions to educational services attributed to disasters [11.5.3],Obs_Value = 0;  Disclaimer: The data being submitted by UNDRR has been extracted from two sources: (a) the Sendai Framework Monitoring System as provided by designated national focal points; and (b) DesInventar disaster loss databases. Some of the data has not followed an official validation process and may be subject to revision at a later date.,3
2009,Disclaimer: The data being submitted by UNDRR has been extracted from two sources: (a) the Sendai Framework Monitoring System as provided by designated national focal points; and (b) DesInventar disaster loss databases. Some of the data has not followed an official validation process and may be subject to revision at a later date.,Number of disruptions to educational services attributed to disasters [11.5.3],Obs_Value = 0;  Disclaimer: The data being submitted by UNDRR has been extracted from two sources: (a) the Sendai Framework Monitoring System as provided by designated national focal points; and (b) DesInventar disaster loss databases. Some of the data has not followed an official validation process and may be subject to revision at a later date.,70
2010,Disclaimer: The data being submitted by UNDRR has been extracted from two sources: (a) the Sendai Framework Monitoring System as provided by designated national focal points; and (b) DesInventar disaster loss databases. Some of the data has not followed an official validation process and may be subject to revision at a later date.,Number of disruptions to educational services attributed to disasters [11.5.3],Obs_Value = 0;  Disclaimer: The data being submitted by UNDRR has been extracted from two sources: (a) the Sendai Framework Monitoring System as provided by designated national focal points; and (b) DesInventar disaster loss databases. Some of the data has not followed an official validation process and may be subject to revision at a later date.,142
2011,Obs_Value = 0;  Disclaimer: The data being submitted by UNDRR has been extracted from two sources: (a) the Sendai Framework Monitoring System as provided by designated national focal points; and (b) DesInventar disaster loss databases. Some of the data has not followed an official validation process and may be subject to revision at a later date.,Number of disruptions to educational services attributed to disasters [11.5.3],Obs_Value = 0;  Disclaimer: The data being submitted by UNDRR has been extracted from two sources: (a) the Sendai Framework Monitoring System as provided by designated national focal points; and (b) DesInventar disaster loss databases. Some of the data has not followed an official validation process and may be subject to revision at a later date.,0
2012,Disclaimer: The data being submitted by UNDRR has been extracted from two sources: (a) the Sendai Framework Monitoring System as provided by designated national focal points; and (b) DesInventar disaster loss databases. Some of the data has not followed an official validation process and may be subject to revision at a later date.,Number of disruptions to educational services attributed to disasters [11.5.3],Obs_Value = 0;  Disclaimer: The data being submitted by UNDRR has been extracted from two sources: (a) the Sendai Framework Monitoring System as provided by designated national focal points; and (b) DesInventar disaster loss databases. Some of the data has not followed an official validation process and may be subject to revision at a later date.,76
2013,Disclaimer: The data being submitted by UNDRR has been extracted from two sources: (a) the Sendai Framework Monitoring System as provided by designated national focal points; and (b) DesInventar disaster loss databases. Some of the data has not followed an official validation process and may be subject to revision at a later date.,Number of disruptions to educational services attributed to disasters [11.5.3],Obs_Value = 0;  Disclaimer: The data being submitted by UNDRR has been extracted from two sources: (a) the Sendai Framework Monitoring System as provided by designated national focal points; and (b) DesInventar disaster loss databases. Some of the data has not followed an official validation process and may be subject to revision at a later date.,11
2014,Disclaimer: The data being submitted by UNDRR has been extracted from two sources: (a) the Sendai Framework Monitoring System as provided by designated national focal points; and (b) DesInventar disaster loss databases. Some of the data has not followed an official validation process and may be subject to revision at a later date.,Number of disruptions to educational services attributed to disasters [11.5.3],Obs_Value = 0;  Disclaimer: The data being submitted by UNDRR has been extracted from two sources: (a) the Sendai Framework Monitoring System as provided by designated national focal points; and (b) DesInventar disaster loss databases. Some of the data has not followed an official validation process and may be subject to revision at a later date.,13
2015,Disclaimer: The data being submitted by UNDRR has been extracted from two sources: (a) the Sendai Framework Monitoring System as provided by designated national focal points; and (b) DesInventar disaster loss databases. Some of the data has not followed an official validation process and may be subject to revision at a later date.,Number of disruptions to educational services attributed to disasters [11.5.3],Obs_Value = 0;  Disclaimer: The data being submitted by UNDRR has been extracted from two sources: (a) the Sendai Framework Monitoring System as provided by designated national focal points; and (b) DesInventar disaster loss databases. Some of the data has not followed an official validation process and may be subject to revision at a later date.,91
2016,Disclaimer: The data being submitted by UNDRR has been extracted from two sources: (a) the Sendai Framework Monitoring System as provided by designated national focal points; and (b) DesInventar disaster loss databases. Some of the data has not followed an official validation process and may be subject to revision at a later date.,Number of disruptions to educational services attributed to disasters [11.5.3],Obs_Value = 0;  Disclaimer: The data being submitted by UNDRR has been extracted from two sources: (a) the Sendai Framework Monitoring System as provided by designated national focal points; and (b) DesInventar disaster loss databases. Some of the data has not followed an official validation process and may be subject to revision at a later date.,50
2017,Obs_Value = 0;  Disclaimer: The data being submitted by UNDRR has been extracted from two sources: (a) the Sendai Framework Monitoring System as provided by designated national focal points; and (b) DesInventar disaster loss databases. Some of the data has not followed an official validation process and may be subject to revision at a later date.,Number of disruptions to educational services attributed to disasters [11.5.3],Obs_Value = 0;  Disclaimer: The data being submitted by UNDRR has been extracted from two sources: (a) the Sendai Framework Monitoring System as provided by designated national focal points; and (b) DesInventar disaster loss databases. Some of the data has not followed an official validation process and may be subject to revision at a later date.,0
2019,Disclaimer: The data being submitted by UNDRR has been extracted from two sources: (a) the Sendai Framework Monitoring System as provided by designated national focal points; and (b) DesInventar disaster loss databases. Some of the data has not followed an official validation process and may be subject to revision at a later date.,Number of disruptions to educational services attributed to disasters [11.5.3],Obs_Value = 0;  Disclaimer: The data being submitted by UNDRR has been extracted from two sources: (a) the Sendai Framework Monitoring System as provided by designated national focal points; and (b) DesInventar disaster loss databases. Some of the data has not followed an official validation process and may be subject to revision at a later date.,3
2020,Obs_Value = 0;  Disclaimer: The data being submitted by UNDRR has been extracted from two sources: (a) the Sendai Framework Monitoring System as provided by designated national focal points; and (b) DesInventar disaster loss databases. Some of the data has not followed an official validation process and may be subject to revision at a later date.,Number of disruptions to educational services attributed to disasters [11.5.3],Obs_Value = 0;  Disclaimer: The data being submitted by UNDRR has been extracted from two sources: (a) the Sendai Framework Monitoring System as provided by designated national focal points; and (b) DesInventar disaster loss databases. Some of the data has not followed an official validation process and may be subject to revision at a later date.,0
2005,Obs_Value = 0;  Disclaimer: The data being submitted by UNDRR has been extracted from two sources: (a) the Sendai Framework Monitoring System as provided by designated national focal points; and (b) DesInventar disaster loss databases. Some of the data has not followed an official validation process and may be subject to revision at a later date.,Number of destroyed or damaged health facilities attributed to disasters [11.5.3],Obs_Value = 0;  Disclaimer: The data being submitted by UNDRR has been extracted from two sources: (a) the Sendai Framework Monitoring System as provided by designated national focal points; and (b) DesInventar disaster loss databases. Some of the data has not followed an official validation process and may be subject to revision at a later date.,0
2006,Obs_Value = 0;  Disclaimer: The data being submitted by UNDRR has been extracted from two sources: (a) the Sendai Framework Monitoring System as provided by designated national focal points; and (b) DesInventar disaster loss databases. Some of the data has not followed an official validation process and may be subject to revision at a later date.,Number of destroyed or damaged health facilities attributed to disasters [11.5.3],Obs_Value = 0;  Disclaimer: The data being submitted by UNDRR has been extracted from two sources: (a) the Sendai Framework Monitoring System as provided by designated national focal points; and (b) DesInventar disaster loss databases. Some of the data has not followed an official validation process and may be subject to revision at a later date.,0
2007,Obs_Value = 0;  Disclaimer: The data being submitted by UNDRR has been extracted from two sources: (a) the Sendai Framework Monitoring System as provided by designated national focal points; and (b) DesInventar disaster loss databases. Some of the data has not followed an official validation process and may be subject to revision at a later date.,Number of destroyed or damaged health facilities attributed to disasters [11.5.3],Obs_Value = 0;  Disclaimer: The data being submitted by UNDRR has been extracted from two sources: (a) the Sendai Framework Monitoring System as provided by designated national focal points; and (b) DesInventar disaster loss databases. Some of the data has not followed an official validation process and may be subject to revision at a later date.,0
2008,Obs_Value = 0;  Disclaimer: The data being submitted by UNDRR has been extracted from two sources: (a) the Sendai Framework Monitoring System as provided by designated national focal points; and (b) DesInventar disaster loss databases. Some of the data has not followed an official validation process and may be subject to revision at a later date.,Number of destroyed or damaged health facilities attributed to disasters [11.5.3],Obs_Value = 0;  Disclaimer: The data being submitted by UNDRR has been extracted from two sources: (a) the Sendai Framework Monitoring System as provided by designated national focal points; and (b) DesInventar disaster loss databases. Some of the data has not followed an official validation process and may be subject to revision at a later date.,0
2009,Obs_Value = 0;  Disclaimer: The data being submitted by UNDRR has been extracted from two sources: (a) the Sendai Framework Monitoring System as provided by designated national focal points; and (b) DesInventar disaster loss databases. Some of the data has not followed an official validation process and may be subject to revision at a later date.,Number of destroyed or damaged health facilities attributed to disasters [11.5.3],Obs_Value = 0;  Disclaimer: The data being submitted by UNDRR has been extracted from two sources: (a) the Sendai Framework Monitoring System as provided by designated national focal points; and (b) DesInventar disaster loss databases. Some of the data has not followed an official validation process and may be subject to revision at a later date.,0
2010,Obs_Value = 0;  Disclaimer: The data being submitted by UNDRR has been extracted from two sources: (a) the Sendai Framework Monitoring System as provided by designated national focal points; and (b) DesInventar disaster loss databases. Some of the data has not followed an official validation process and may be subject to revision at a later date.,Number of destroyed or damaged health facilities attributed to disasters [11.5.3],Obs_Value = 0;  Disclaimer: The data being submitted by UNDRR has been extracted from two sources: (a) the Sendai Framework Monitoring System as provided by designated national focal points; and (b) DesInventar disaster loss databases. Some of the data has not followed an official validation process and may be subject to revision at a later date.,0
2011,Obs_Value = 0;  Disclaimer: The data being submitted by UNDRR has been extracted from two sources: (a) the Sendai Framework Monitoring System as provided by designated national focal points; and (b) DesInventar disaster loss databases. Some of the data has not followed an official validation process and may be subject to revision at a later date.,Number of destroyed or damaged health facilities attributed to disasters [11.5.3],Obs_Value = 0;  Disclaimer: The data being submitted by UNDRR has been extracted from two sources: (a) the Sendai Framework Monitoring System as provided by designated national focal points; and (b) DesInventar disaster loss databases. Some of the data has not followed an official validation process and may be subject to revision at a later date.,0
2012,Obs_Value = 0;  Disclaimer: The data being submitted by UNDRR has been extracted from two sources: (a) the Sendai Framework Monitoring System as provided by designated national focal points; and (b) DesInventar disaster loss databases. Some of the data has not followed an official validation process and may be subject to revision at a later date.,Number of destroyed or damaged health facilities attributed to disasters [11.5.3],Obs_Value = 0;  Disclaimer: The data being submitted by UNDRR has been extracted from two sources: (a) the Sendai Framework Monitoring System as provided by designated national focal points; and (b) DesInventar disaster loss databases. Some of the data has not followed an official validation process and may be subject to revision at a later date.,0
2013,Obs_Value = 0;  Disclaimer: The data being submitted by UNDRR has been extracted from two sources: (a) the Sendai Framework Monitoring System as provided by designated national focal points; and (b) DesInventar disaster loss databases. Some of the data has not followed an official validation process and may be subject to revision at a later date.,Number of destroyed or damaged health facilities attributed to disasters [11.5.3],Obs_Value = 0;  Disclaimer: The data being submitted by UNDRR has been extracted from two sources: (a) the Sendai Framework Monitoring System as provided by designated national focal points; and (b) DesInventar disaster loss databases. Some of the data has not followed an official validation process and may be subject to revision at a later date.,0
2014,Obs_Value = 0;  Disclaimer: The data being submitted by UNDRR has been extracted from two sources: (a) the Sendai Framework Monitoring System as provided by designated national focal points; and (b) DesInventar disaster loss databases. Some of the data has not followed an official validation process and may be subject to revision at a later date.,Number of destroyed or damaged health facilities attributed to disasters [11.5.3],Obs_Value = 0;  Disclaimer: The data being submitted by UNDRR has been extracted from two sources: (a) the Sendai Framework Monitoring System as provided by designated national focal points; and (b) DesInventar disaster loss databases. Some of the data has not followed an official validation process and may be subject to revision at a later date.,0
2015,Obs_Value = 0;  Disclaimer: The data being submitted by UNDRR has been extracted from two sources: (a) the Sendai Framework Monitoring System as provided by designated national focal points; and (b) DesInventar disaster loss databases. Some of the data has not followed an official validation process and may be subject to revision at a later date.,Number of destroyed or damaged health facilities attributed to disasters [11.5.3],Obs_Value = 0;  Disclaimer: The data being submitted by UNDRR has been extracted from two sources: (a) the Sendai Framework Monitoring System as provided by designated national focal points; and (b) DesInventar disaster loss databases. Some of the data has not followed an official validation process and may be subject to revision at a later date.,0
2016,Obs_Value = 0;  Disclaimer: The data being submitted by UNDRR has been extracted from two sources: (a) the Sendai Framework Monitoring System as provided by designated national focal points; and (b) DesInventar disaster loss databases. Some of the data has not followed an official validation process and may be subject to revision at a later date.,Number of destroyed or damaged health facilities attributed to disasters [11.5.3],Obs_Value = 0;  Disclaimer: The data being submitted by UNDRR has been extracted from two sources: (a) the Sendai Framework Monitoring System as provided by designated national focal points; and (b) DesInventar disaster loss databases. Some of the data has not followed an official validation process and may be subject to revision at a later date.,0
2017,Obs_Value = 0;  Disclaimer: The data being submitted by UNDRR has been extracted from two sources: (a) the Sendai Framework Monitoring System as provided by designated national focal points; and (b) DesInventar disaster loss databases. Some of the data has not followed an official validation process and may be subject to revision at a later date.,Number of destroyed or damaged health facilities attributed to disasters [11.5.3],Obs_Value = 0;  Disclaimer: The data being submitted by UNDRR has been extracted from two sources: (a) the Sendai Framework Monitoring System as provided by designated national focal points; and (b) DesInventar disaster loss databases. Some of the data has not followed an official validation process and may be subject to revision at a later date.,0
2019,Obs_Value = 0;  Disclaimer: The data being submitted by UNDRR has been extracted from two sources: (a) the Sendai Framework Monitoring System as provided by designated national focal points; and (b) DesInventar disaster loss databases. Some of the data has not followed an official validation process and may be subject to revision at a later date.,Number of destroyed or damaged health facilities attributed to disasters [11.5.3],Obs_Value = 0;  Disclaimer: The data being submitted by UNDRR has been extracted from two sources: (a) the Sendai Framework Monitoring System as provided by designated national focal points; and (b) DesInventar disaster loss databases. Some of the data has not followed an official validation process and may be subject to revision at a later date.,0
2020,Obs_Value = 0;  Disclaimer: The data being submitted by UNDRR has been extracted from two sources: (a) the Sendai Framework Monitoring System as provided by designated national focal points; and (b) DesInventar disaster loss databases. Some of the data has not followed an official validation process and may be subject to revision at a later date.,Number of destroyed or damaged health facilities attributed to disasters [11.5.3],Obs_Value = 0;  Disclaimer: The data being submitted by UNDRR has been extracted from two sources: (a) the Sendai Framework Monitoring System as provided by designated national focal points; and (b) DesInventar disaster loss databases. Some of the data has not followed an official validation process and may be subject to revision at a later date.,0
2005,Obs_Value = 0;  Disclaimer: The data being submitted by UNDRR has been extracted from two sources: (a) the Sendai Framework Monitoring System as provided by designated national focal points; and (b) DesInventar disaster loss databases. Some of the data has not followed an official validation process and may be subject to revision at a later date.,Number of disruptions to health services attributed to disasters [11.5.3],Disclaimer: The data being submitted by UNDRR has been extracted from two sources: (a) the Sendai Framework Monitoring System as provided by designated national focal points; and (b) DesInventar disaster loss databases. Some of the data has not followed an official validation process and may be subject to revision at a later date.,0
2006,Disclaimer: The data being submitted by UNDRR has been extracted from two sources: (a) the Sendai Framework Monitoring System as provided by designated national focal points; and (b) DesInventar disaster loss databases. Some of the data has not followed an official validation process and may be subject to revision at a later date.,Number of disruptions to health services attributed to disasters [11.5.3],Disclaimer: The data being submitted by UNDRR has been extracted from two sources: (a) the Sendai Framework Monitoring System as provided by designated national focal points; and (b) DesInventar disaster loss databases. Some of the data has not followed an official validation process and may be subject to revision at a later date.,3
2007,Disclaimer: The data being submitted by UNDRR has been extracted from two sources: (a) the Sendai Framework Monitoring System as provided by designated national focal points; and (b) DesInventar disaster loss databases. Some of the data has not followed an official validation process and may be subject to revision at a later date.,Number of disruptions to health services attributed to disasters [11.5.3],Disclaimer: The data being submitted by UNDRR has been extracted from two sources: (a) the Sendai Framework Monitoring System as provided by designated national focal points; and (b) DesInventar disaster loss databases. Some of the data has not followed an official validation process and may be subject to revision at a later date.,11
2008,Disclaimer: The data being submitted by UNDRR has been extracted from two sources: (a) the Sendai Framework Monitoring System as provided by designated national focal points; and (b) DesInventar disaster loss databases. Some of the data has not followed an official validation process and may be subject to revision at a later date.,Number of disruptions to health services attributed to disasters [11.5.3],Disclaimer: The data being submitted by UNDRR has been extracted from two sources: (a) the Sendai Framework Monitoring System as provided by designated national focal points; and (b) DesInventar disaster loss databases. Some of the data has not followed an official validation process and may be subject to revision at a later date.,10
2009,Disclaimer: The data being submitted by UNDRR has been extracted from two sources: (a) the Sendai Framework Monitoring System as provided by designated national focal points; and (b) DesInventar disaster loss databases. Some of the data has not followed an official validation process and may be subject to revision at a later date.,Number of disruptions to health services attributed to disasters [11.5.3],Disclaimer: The data being submitted by UNDRR has been extracted from two sources: (a) the Sendai Framework Monitoring System as provided by designated national focal points; and (b) DesInventar disaster loss databases. Some of the data has not followed an official validation process and may be subject to revision at a later date.,119
2010,Disclaimer: The data being submitted by UNDRR has been extracted from two sources: (a) the Sendai Framework Monitoring System as provided by designated national focal points; and (b) DesInventar disaster loss databases. Some of the data has not followed an official validation process and may be subject to revision at a later date.,Number of disruptions to health services attributed to disasters [11.5.3],Disclaimer: The data being submitted by UNDRR has been extracted from two sources: (a) the Sendai Framework Monitoring System as provided by designated national focal points; and (b) DesInventar disaster loss databases. Some of the data has not followed an official validation process and may be subject to revision at a later date.,135
2011,Obs_Value = 0;  Disclaimer: The data being submitted by UNDRR has been extracted from two sources: (a) the Sendai Framework Monitoring System as provided by designated national focal points; and (b) DesInventar disaster loss databases. Some of the data has not followed an official validation process and may be subject to revision at a later date.,Number of disruptions to health services attributed to disasters [11.5.3],Disclaimer: The data being submitted by UNDRR has been extracted from two sources: (a) the Sendai Framework Monitoring System as provided by designated national focal points; and (b) DesInventar disaster loss databases. Some of the data has not followed an official validation process and may be subject to revision at a later date.,0
2012,Disclaimer: The data being submitted by UNDRR has been extracted from two sources: (a) the Sendai Framework Monitoring System as provided by designated national focal points; and (b) DesInventar disaster loss databases. Some of the data has not followed an official validation process and may be subject to revision at a later date.,Number of disruptions to health services attributed to disasters [11.5.3],Disclaimer: The data being submitted by UNDRR has been extracted from two sources: (a) the Sendai Framework Monitoring System as provided by designated national focal points; and (b) DesInventar disaster loss databases. Some of the data has not followed an official validation process and may be subject to revision at a later date.,77
2013,Disclaimer: The data being submitted by UNDRR has been extracted from two sources: (a) the Sendai Framework Monitoring System as provided by designated national focal points; and (b) DesInventar disaster loss databases. Some of the data has not followed an official validation process and may be subject to revision at a later date.,Number of disruptions to health services attributed to disasters [11.5.3],Disclaimer: The data being submitted by UNDRR has been extracted from two sources: (a) the Sendai Framework Monitoring System as provided by designated national focal points; and (b) DesInventar disaster loss databases. Some of the data has not followed an official validation process and may be subject to revision at a later date.,104
2014,Disclaimer: The data being submitted by UNDRR has been extracted from two sources: (a) the Sendai Framework Monitoring System as provided by designated national focal points; and (b) DesInventar disaster loss databases. Some of the data has not followed an official validation process and may be subject to revision at a later date.,Number of disruptions to health services attributed to disasters [11.5.3],Disclaimer: The data being submitted by UNDRR has been extracted from two sources: (a) the Sendai Framework Monitoring System as provided by designated national focal points; and (b) DesInventar disaster loss databases. Some of the data has not followed an official validation process and may be subject to revision at a later date.,121
2015,Disclaimer: The data being submitted by UNDRR has been extracted from two sources: (a) the Sendai Framework Monitoring System as provided by designated national focal points; and (b) DesInventar disaster loss databases. Some of the data has not followed an official validation process and may be subject to revision at a later date.,Number of disruptions to health services attributed to disasters [11.5.3],Disclaimer: The data being submitted by UNDRR has been extracted from two sources: (a) the Sendai Framework Monitoring System as provided by designated national focal points; and (b) DesInventar disaster loss databases. Some of the data has not followed an official validation process and may be subject to revision at a later date.,321
2016,Disclaimer: The data being submitted by UNDRR has been extracted from two sources: (a) the Sendai Framework Monitoring System as provided by designated national focal points; and (b) DesInventar disaster loss databases. Some of the data has not followed an official validation process and may be subject to revision at a later date.,Number of disruptions to health services attributed to disasters [11.5.3],Disclaimer: The data being submitted by UNDRR has been extracted from two sources: (a) the Sendai Framework Monitoring System as provided by designated national focal points; and (b) DesInventar disaster loss databases. Some of the data has not followed an official validation process and may be subject to revision at a later date.,231
2017,Disclaimer: The data being submitted by UNDRR has been extracted from two sources: (a) the Sendai Framework Monitoring System as provided by designated national focal points; and (b) DesInventar disaster loss databases. Some of the data has not followed an official validation process and may be subject to revision at a later date.,Number of disruptions to health services attributed to disasters [11.5.3],Disclaimer: The data being submitted by UNDRR has been extracted from two sources: (a) the Sendai Framework Monitoring System as provided by designated national focal points; and (b) DesInventar disaster loss databases. Some of the data has not followed an official validation process and may be subject to revision at a later date.,11
2019,Disclaimer: The data being submitted by UNDRR has been extracted from two sources: (a) the Sendai Framework Monitoring System as provided by designated national focal points; and (b) DesInventar disaster loss databases. Some of the data has not followed an official validation process and may be subject to revision at a later date.,Number of disruptions to health services attributed to disasters [11.5.3],Disclaimer: The data being submitted by UNDRR has been extracted from two sources: (a) the Sendai Framework Monitoring System as provided by designated national focal points; and (b) DesInventar disaster loss databases. Some of the data has not followed an official validation process and may be subject to revision at a later date.,22
2020,Disclaimer: The data being submitted by UNDRR has been extracted from two sources: (a) the Sendai Framework Monitoring System as provided by designated national focal points; and (b) DesInventar disaster loss databases. Some of the data has not followed an official validation process and may be subject to revision at a later date.,Number of disruptions to health services attributed to disasters [11.5.3],Disclaimer: The data being submitted by UNDRR has been extracted from two sources: (a) the Sendai Framework Monitoring System as provided by designated national focal points; and (b) DesInventar disaster loss databases. Some of the data has not followed an official validation process and may be subject to revision at a later date.,5
2005,Obs_Value = 0;  Disclaimer: The data being submitted by UNDRR has been extracted from two sources: (a) the Sendai Framework Monitoring System as provided by designated national focal points; and (b) DesInventar disaster loss databases. Some of the data has not followed an official validation process and may be subject to revision at a later date.,Number of disruptions to other basic services attributed to disasters [11.5.3],Obs_Value = 0;  Disclaimer: The data being submitted by UNDRR has been extracted from two sources: (a) the Sendai Framework Monitoring System as provided by designated national focal points; and (b) DesInventar disaster loss databases. Some of the data has not followed an official validation process and may be subject to revision at a later date.,0
2006,Obs_Value = 0;  Disclaimer: The data being submitted by UNDRR has been extracted from two sources: (a) the Sendai Framework Monitoring System as provided by designated national focal points; and (b) DesInventar disaster loss databases. Some of the data has not followed an official validation process and may be subject to revision at a later date.,Number of disruptions to other basic services attributed to disasters [11.5.3],Obs_Value = 0;  Disclaimer: The data being submitted by UNDRR has been extracted from two sources: (a) the Sendai Framework Monitoring System as provided by designated national focal points; and (b) DesInventar disaster loss databases. Some of the data has not followed an official validation process and may be subject to revision at a later date.,0
2007,Obs_Value = 0;  Disclaimer: The data being submitted by UNDRR has been extracted from two sources: (a) the Sendai Framework Monitoring System as provided by designated national focal points; and (b) DesInventar disaster loss databases. Some of the data has not followed an official validation process and may be subject to revision at a later date.,Number of disruptions to other basic services attributed to disasters [11.5.3],Obs_Value = 0;  Disclaimer: The data being submitted by UNDRR has been extracted from two sources: (a) the Sendai Framework Monitoring System as provided by designated national focal points; and (b) DesInventar disaster loss databases. Some of the data has not followed an official validation process and may be subject to revision at a later date.,0
2008,Obs_Value = 0;  Disclaimer: The data being submitted by UNDRR has been extracted from two sources: (a) the Sendai Framework Monitoring System as provided by designated national focal points; and (b) DesInventar disaster loss databases. Some of the data has not followed an official validation process and may be subject to revision at a later date.,Number of disruptions to other basic services attributed to disasters [11.5.3],Obs_Value = 0;  Disclaimer: The data being submitted by UNDRR has been extracted from two sources: (a) the Sendai Framework Monitoring System as provided by designated national focal points; and (b) DesInventar disaster loss databases. Some of the data has not followed an official validation process and may be subject to revision at a later date.,0
2009,Obs_Value = 0;  Disclaimer: The data being submitted by UNDRR has been extracted from two sources: (a) the Sendai Framework Monitoring System as provided by designated national focal points; and (b) DesInventar disaster loss databases. Some of the data has not followed an official validation process and may be subject to revision at a later date.,Number of disruptions to other basic services attributed to disasters [11.5.3],Obs_Value = 0;  Disclaimer: The data being submitted by UNDRR has been extracted from two sources: (a) the Sendai Framework Monitoring System as provided by designated national focal points; and (b) DesInventar disaster loss databases. Some of the data has not followed an official validation process and may be subject to revision at a later date.,0
2010,Obs_Value = 0;  Disclaimer: The data being submitted by UNDRR has been extracted from two sources: (a) the Sendai Framework Monitoring System as provided by designated national focal points; and (b) DesInventar disaster loss databases. Some of the data has not followed an official validation process and may be subject to revision at a later date.,Number of disruptions to other basic services attributed to disasters [11.5.3],Obs_Value = 0;  Disclaimer: The data being submitted by UNDRR has been extracted from two sources: (a) the Sendai Framework Monitoring System as provided by designated national focal points; and (b) DesInventar disaster loss databases. Some of the data has not followed an official validation process and may be subject to revision at a later date.,0
2011,Obs_Value = 0;  Disclaimer: The data being submitted by UNDRR has been extracted from two sources: (a) the Sendai Framework Monitoring System as provided by designated national focal points; and (b) DesInventar disaster loss databases. Some of the data has not followed an official validation process and may be subject to revision at a later date.,Number of disruptions to other basic services attributed to disasters [11.5.3],Obs_Value = 0;  Disclaimer: The data being submitted by UNDRR has been extracted from two sources: (a) the Sendai Framework Monitoring System as provided by designated national focal points; and (b) DesInventar disaster loss databases. Some of the data has not followed an official validation process and may be subject to revision at a later date.,0
2012,Obs_Value = 0;  Disclaimer: The data being submitted by UNDRR has been extracted from two sources: (a) the Sendai Framework Monitoring System as provided by designated national focal points; and (b) DesInventar disaster loss databases. Some of the data has not followed an official validation process and may be subject to revision at a later date.,Number of disruptions to other basic services attributed to disasters [11.5.3],Obs_Value = 0;  Disclaimer: The data being submitted by UNDRR has been extracted from two sources: (a) the Sendai Framework Monitoring System as provided by designated national focal points; and (b) DesInventar disaster loss databases. Some of the data has not followed an official validation process and may be subject to revision at a later date.,0
2013,Obs_Value = 0;  Disclaimer: The data being submitted by UNDRR has been extracted from two sources: (a) the Sendai Framework Monitoring System as provided by designated national focal points; and (b) DesInventar disaster loss databases. Some of the data has not followed an official validation process and may be subject to revision at a later date.,Number of disruptions to other basic services attributed to disasters [11.5.3],Obs_Value = 0;  Disclaimer: The data being submitted by UNDRR has been extracted from two sources: (a) the Sendai Framework Monitoring System as provided by designated national focal points; and (b) DesInventar disaster loss databases. Some of the data has not followed an official validation process and may be subject to revision at a later date.,0
2014,Obs_Value = 0;  Disclaimer: The data being submitted by UNDRR has been extracted from two sources: (a) the Sendai Framework Monitoring System as provided by designated national focal points; and (b) DesInventar disaster loss databases. Some of the data has not followed an official validation process and may be subject to revision at a later date.,Number of disruptions to other basic services attributed to disasters [11.5.3],Obs_Value = 0;  Disclaimer: The data being submitted by UNDRR has been extracted from two sources: (a) the Sendai Framework Monitoring System as provided by designated national focal points; and (b) DesInventar disaster loss databases. Some of the data has not followed an official validation process and may be subject to revision at a later date.,0
2015,Obs_Value = 0;  Disclaimer: The data being submitted by UNDRR has been extracted from two sources: (a) the Sendai Framework Monitoring System as provided by designated national focal points; and (b) DesInventar disaster loss databases. Some of the data has not followed an official validation process and may be subject to revision at a later date.,Number of disruptions to other basic services attributed to disasters [11.5.3],Obs_Value = 0;  Disclaimer: The data being submitted by UNDRR has been extracted from two sources: (a) the Sendai Framework Monitoring System as provided by designated national focal points; and (b) DesInventar disaster loss databases. Some of the data has not followed an official validation process and may be subject to revision at a later date.,0
2016,Obs_Value = 0;  Disclaimer: The data being submitted by UNDRR has been extracted from two sources: (a) the Sendai Framework Monitoring System as provided by designated national focal points; and (b) DesInventar disaster loss databases. Some of the data has not followed an official validation process and may be subject to revision at a later date.,Number of disruptions to other basic services attributed to disasters [11.5.3],Obs_Value = 0;  Disclaimer: The data being submitted by UNDRR has been extracted from two sources: (a) the Sendai Framework Monitoring System as provided by designated national focal points; and (b) DesInventar disaster loss databases. Some of the data has not followed an official validation process and may be subject to revision at a later date.,0
2017,Obs_Value = 0;  Disclaimer: The data being submitted by UNDRR has been extracted from two sources: (a) the Sendai Framework Monitoring System as provided by designated national focal points; and (b) DesInventar disaster loss databases. Some of the data has not followed an official validation process and may be subject to revision at a later date.,Number of disruptions to other basic services attributed to disasters [11.5.3],Obs_Value = 0;  Disclaimer: The data being submitted by UNDRR has been extracted from two sources: (a) the Sendai Framework Monitoring System as provided by designated national focal points; and (b) DesInventar disaster loss databases. Some of the data has not followed an official validation process and may be subject to revision at a later date.,0
2019,Obs_Value = 0;  Disclaimer: The data being submitted by UNDRR has been extracted from two sources: (a) the Sendai Framework Monitoring System as provided by designated national focal points; and (b) DesInventar disaster loss databases. Some of the data has not followed an official validation process and may be subject to revision at a later date.,Number of disruptions to other basic services attributed to disasters [11.5.3],Obs_Value = 0;  Disclaimer: The data being submitted by UNDRR has been extracted from two sources: (a) the Sendai Framework Monitoring System as provided by designated national focal points; and (b) DesInventar disaster loss databases. Some of the data has not followed an official validation process and may be subject to revision at a later date.,0
2020,Obs_Value = 0;  Disclaimer: The data being submitted by UNDRR has been extracted from two sources: (a) the Sendai Framework Monitoring System as provided by designated national focal points; and (b) DesInventar disaster loss databases. Some of the data has not followed an official validation process and may be subject to revision at a later date.,Number of disruptions to other basic services attributed to disasters [11.5.3],Obs_Value = 0;  Disclaimer: The data being submitted by UNDRR has been extracted from two sources: (a) the Sendai Framework Monitoring System as provided by designated national focal points; and (b) DesInventar disaster loss databases. Some of the data has not followed an official validation process and may be subject to revision at a later date.,0
