Year,NATURE,SOURCE_DETAIL,SDG Series,Composite breakdown,Unit of measure,Nature of data points,Source details,COMMENT_OBS,Observation-level footnotes,Value
2017,M,Global Model for Monitoring Marine Litter,Beach litter originating from national land-based sources that ends in the beach (%) [14.1.1],,Percent,Modeled,Global Model for Monitoring Marine Litter,,,51.93
2018,M,Global Model for Monitoring Marine Litter,Beach litter originating from national land-based sources that ends in the beach (%) [14.1.1],,Percent,Modeled,Global Model for Monitoring Marine Litter,,,52.39
2019,M,Global Model for Monitoring Marine Litter,Beach litter originating from national land-based sources that ends in the beach (%) [14.1.1],,Percent,Modeled,Global Model for Monitoring Marine Litter,,,52.37
2020,M,Global Model for Monitoring Marine Litter,Beach litter originating from national land-based sources that ends in the beach (%) [14.1.1],,Percent,Modeled,Global Model for Monitoring Marine Litter,,,47.49
2021,M,Global Model for Monitoring Marine Litter,Beach litter originating from national land-based sources that ends in the beach (%) [14.1.1],,Percent,Modeled,Global Model for Monitoring Marine Litter,,,50.53
2017,M,Global Model for Monitoring Marine Litter,Beach litter originating from national land-based sources that ends in the beach (Tonnes) [14.1.1],,Metric Tons,Modeled,Global Model for Monitoring Marine Litter,,,7266.0
2018,M,Global Model for Monitoring Marine Litter,Beach litter originating from national land-based sources that ends in the beach (Tonnes) [14.1.1],,Metric Tons,Modeled,Global Model for Monitoring Marine Litter,,,7669.0
2019,M,Global Model for Monitoring Marine Litter,Beach litter originating from national land-based sources that ends in the beach (Tonnes) [14.1.1],,Metric Tons,Modeled,Global Model for Monitoring Marine Litter,,,7941.0
2020,M,Global Model for Monitoring Marine Litter,Beach litter originating from national land-based sources that ends in the beach (Tonnes) [14.1.1],,Metric Tons,Modeled,Global Model for Monitoring Marine Litter,,,7403.0
2021,M,Global Model for Monitoring Marine Litter,Beach litter originating from national land-based sources that ends in the beach (Tonnes) [14.1.1],,Metric Tons,Modeled,Global Model for Monitoring Marine Litter,,,8055.0
2017,M,Global Model for Monitoring Marine Litter,Exported beach litter originating from national land-based sources (Tonnes) [14.1.1],,Metric Tons,Modeled,Global Model for Monitoring Marine Litter,,,13993.0
2018,M,Global Model for Monitoring Marine Litter,Exported beach litter originating from national land-based sources (Tonnes) [14.1.1],,Metric Tons,Modeled,Global Model for Monitoring Marine Litter,,,14637.0
2019,M,Global Model for Monitoring Marine Litter,Exported beach litter originating from national land-based sources (Tonnes) [14.1.1],,Metric Tons,Modeled,Global Model for Monitoring Marine Litter,,,15163.0
2020,M,Global Model for Monitoring Marine Litter,Exported beach litter originating from national land-based sources (Tonnes) [14.1.1],,Metric Tons,Modeled,Global Model for Monitoring Marine Litter,,,15588.0
2021,M,Global Model for Monitoring Marine Litter,Exported beach litter originating from national land-based sources (Tonnes) [14.1.1],,Metric Tons,Modeled,Global Model for Monitoring Marine Litter,,,15942.0
2017,M,Global Model for Monitoring Marine Litter,Beach litter originating from national land-based sources that ends in the ocean (%) [14.1.1],,Percent,Modeled,Global Model for Monitoring Marine Litter,,,48.07
2018,M,Global Model for Monitoring Marine Litter,Beach litter originating from national land-based sources that ends in the ocean (%) [14.1.1],,Percent,Modeled,Global Model for Monitoring Marine Litter,,,47.61
2019,M,Global Model for Monitoring Marine Litter,Beach litter originating from national land-based sources that ends in the ocean (%) [14.1.1],,Percent,Modeled,Global Model for Monitoring Marine Litter,,,47.64
2020,M,Global Model for Monitoring Marine Litter,Beach litter originating from national land-based sources that ends in the ocean (%) [14.1.1],,Percent,Modeled,Global Model for Monitoring Marine Litter,,,52.51
2021,M,Global Model for Monitoring Marine Litter,Beach litter originating from national land-based sources that ends in the ocean (%) [14.1.1],,Percent,Modeled,Global Model for Monitoring Marine Litter,,,49.48
2017,M,Global Model for Monitoring Marine Litter,Beach litter originating from national land-based sources that ends in the ocean (Tonnes) [14.1.1],,Metric Tons,Modeled,Global Model for Monitoring Marine Litter,,,6727.0
2018,M,Global Model for Monitoring Marine Litter,Beach litter originating from national land-based sources that ends in the ocean (Tonnes) [14.1.1],,Metric Tons,Modeled,Global Model for Monitoring Marine Litter,,,6968.0
2019,M,Global Model for Monitoring Marine Litter,Beach litter originating from national land-based sources that ends in the ocean (Tonnes) [14.1.1],,Metric Tons,Modeled,Global Model for Monitoring Marine Litter,,,7223.0
2020,M,Global Model for Monitoring Marine Litter,Beach litter originating from national land-based sources that ends in the ocean (Tonnes) [14.1.1],,Metric Tons,Modeled,Global Model for Monitoring Marine Litter,,,8185.0
2021,M,Global Model for Monitoring Marine Litter,Beach litter originating from national land-based sources that ends in the ocean (Tonnes) [14.1.1],,Metric Tons,Modeled,Global Model for Monitoring Marine Litter,,,7888.0
2016,E,"Plastic Pollution (MLW, MDMAP, ICC)",Beach litter per square kilometer (Number) [14.1.1],,Number,Estimated,"Plastic Pollution (MLW, MDMAP, ICC)",,,3204445.0064
2017,E,"Plastic Pollution (MLW, MDMAP, ICC)",Beach litter per square kilometer (Number) [14.1.1],,Number,Estimated,"Plastic Pollution (MLW, MDMAP, ICC)",,,2048479.78859
2018,E,"Plastic Pollution (MLW, MDMAP, ICC)",Beach litter per square kilometer (Number) [14.1.1],,Number,Estimated,"Plastic Pollution (MLW, MDMAP, ICC)",,,171115.72834
2020,E,"Plastic Pollution (MLW, MDMAP, ICC)",Beach litter per square kilometer (Number) [14.1.1],,Number,Estimated,"Plastic Pollution (MLW, MDMAP, ICC)",,,35808.00278
2018,E,World Environment Situation Room,"Chlorophyll-a anomaly, remote sensing (%) [14.1.1]",Frequency of Chlorophyll-a concentration: High,Percent,Estimated,World Environment Situation Room,,,2.01267
2019,E,World Environment Situation Room,"Chlorophyll-a anomaly, remote sensing (%) [14.1.1]",Frequency of Chlorophyll-a concentration: High,Percent,Estimated,World Environment Situation Room,,,2.34492
2020,E,World Environment Situation Room,"Chlorophyll-a anomaly, remote sensing (%) [14.1.1]",Frequency of Chlorophyll-a concentration: High,Percent,Estimated,World Environment Situation Room,,,0.87637
2018,E,World Environment Situation Room,"Chlorophyll-a anomaly, remote sensing (%) [14.1.1]",Frequency of Chlorophyll-a concentration: Moderate,Percent,Estimated,World Environment Situation Room,,,3.07239
2019,E,World Environment Situation Room,"Chlorophyll-a anomaly, remote sensing (%) [14.1.1]",Frequency of Chlorophyll-a concentration: Moderate,Percent,Estimated,World Environment Situation Room,,,3.01362
2020,E,World Environment Situation Room,"Chlorophyll-a anomaly, remote sensing (%) [14.1.1]",Frequency of Chlorophyll-a concentration: Moderate,Percent,Estimated,World Environment Situation Room,,,2.42693
2005,E,World Environment Situation Room,"Chlorophyll-a deviations, remote sensing  [14.1.1]",,Percent,Estimated,World Environment Situation Room,The series has been backcasted to include territorial waters.,The series has been backcasted to include territorial waters.,0.62618
2006,E,World Environment Situation Room,"Chlorophyll-a deviations, remote sensing  [14.1.1]",,Percent,Estimated,World Environment Situation Room,The series has been backcasted to include territorial waters.,The series has been backcasted to include territorial waters.,0.5175
2007,E,World Environment Situation Room,"Chlorophyll-a deviations, remote sensing  [14.1.1]",,Percent,Estimated,World Environment Situation Room,The series has been backcasted to include territorial waters.,The series has been backcasted to include territorial waters.,2.30735
2008,E,World Environment Situation Room,"Chlorophyll-a deviations, remote sensing  [14.1.1]",,Percent,Estimated,World Environment Situation Room,The series has been backcasted to include territorial waters.,The series has been backcasted to include territorial waters.,2.95489
2009,E,World Environment Situation Room,"Chlorophyll-a deviations, remote sensing  [14.1.1]",,Percent,Estimated,World Environment Situation Room,The series has been backcasted to include territorial waters.,The series has been backcasted to include territorial waters.,0.75128
2010,E,World Environment Situation Room,"Chlorophyll-a deviations, remote sensing  [14.1.1]",,Percent,Estimated,World Environment Situation Room,The series has been backcasted to include territorial waters.,The series has been backcasted to include territorial waters.,0.17649
2011,E,World Environment Situation Room,"Chlorophyll-a deviations, remote sensing  [14.1.1]",,Percent,Estimated,World Environment Situation Room,The series has been backcasted to include territorial waters.,The series has been backcasted to include territorial waters.,0.15527
2012,E,World Environment Situation Room,"Chlorophyll-a deviations, remote sensing  [14.1.1]",,Percent,Estimated,World Environment Situation Room,The series has been backcasted to include territorial waters.,The series has been backcasted to include territorial waters.,1.00665
2013,E,World Environment Situation Room,"Chlorophyll-a deviations, remote sensing  [14.1.1]",,Percent,Estimated,World Environment Situation Room,The series has been backcasted to include territorial waters.,The series has been backcasted to include territorial waters.,2.90505
2014,E,World Environment Situation Room,"Chlorophyll-a deviations, remote sensing  [14.1.1]",,Percent,Estimated,World Environment Situation Room,The series has been backcasted to include territorial waters.,The series has been backcasted to include territorial waters.,2.63801
2015,E,World Environment Situation Room,"Chlorophyll-a deviations, remote sensing  [14.1.1]",,Percent,Estimated,World Environment Situation Room,The series has been backcasted to include territorial waters.,The series has been backcasted to include territorial waters.,1.42641
2016,E,World Environment Situation Room,"Chlorophyll-a deviations, remote sensing  [14.1.1]",,Percent,Estimated,World Environment Situation Room,The series has been backcasted to include territorial waters.,The series has been backcasted to include territorial waters.,2.8197
2017,E,World Environment Situation Room,"Chlorophyll-a deviations, remote sensing  [14.1.1]",,Percent,Estimated,World Environment Situation Room,The series has been backcasted to include territorial waters.,The series has been backcasted to include territorial waters.,5.18214
2018,E,World Environment Situation Room,"Chlorophyll-a deviations, remote sensing  [14.1.1]",,Percent,Estimated,World Environment Situation Room,The series has been backcasted to include territorial waters.,The series has been backcasted to include territorial waters.,0.92357
2019,E,World Environment Situation Room,"Chlorophyll-a deviations, remote sensing  [14.1.1]",,Percent,Estimated,World Environment Situation Room,The series has been backcasted to include territorial waters.,The series has been backcasted to include territorial waters.,0.14538
2020,E,World Environment Situation Room,"Chlorophyll-a deviations, remote sensing  [14.1.1]",,Percent,Estimated,World Environment Situation Room,The series has been backcasted to include territorial waters.,The series has been backcasted to include territorial waters.,0.10593
2021,E,World Environment Situation Room,"Chlorophyll-a deviations, remote sensing  [14.1.1]",,Percent,Estimated,World Environment Situation Room,The series has been backcasted to include territorial waters.,The series has been backcasted to include territorial waters.,0.13527
2019,C,World Environment Situation Room,Floating plastic debris density (count per km2) [14.1.1],,Number,Country Data,World Environment Situation Room,"Data is collected from Diani, Tiwi, Shimoni, Vanga, Gazi - December 2019. ","Data is collected from Kilifi, Kwale and Mombasa - February to October 2021. ",353954.86
2020,C,World Environment Situation Room,Floating plastic debris density (count per km2) [14.1.1],,Number,Country Data,World Environment Situation Room,Data is collected from the North and South coasts - May to June 2020. ,"Data is collected from Kilifi, Kwale and Mombasa - February to October 2021. ",269890.74
2021,C,World Environment Situation Room,Floating plastic debris density (count per km2) [14.1.1],,Number,Country Data,World Environment Situation Room,"Data is collected from Kilifi, Kwale and Mombasa - February to October 2021. ","Data is collected from Kilifi, Kwale and Mombasa - February to October 2021. ",5975811.07
