Year,NATURE,SOURCE_DETAIL,SDG Series,Composite breakdown,Unit of measure,Nature of data points,Source details,Value
2001,E,"Data based on the World Telecommunication/ICT Indicators Database, 2021, International Telecommunication Union (ITU)",Fixed broadband subscriptions per 100 inhabitants [17.6.1],,Per 100 population,Estimated,"Data based on the World Telecommunication/ICT Indicators Database, 2021, International Telecommunication Union (ITU)",0.00647
2002,E,"Data based on the World Telecommunication/ICT Indicators Database, 2021, International Telecommunication Union (ITU)",Fixed broadband subscriptions per 100 inhabitants [17.6.1],,Per 100 population,Estimated,"Data based on the World Telecommunication/ICT Indicators Database, 2021, International Telecommunication Union (ITU)",0.02382
2003,E,"Data based on the World Telecommunication/ICT Indicators Database, 2021, International Telecommunication Union (ITU)",Fixed broadband subscriptions per 100 inhabitants [17.6.1],,Per 100 population,Estimated,"Data based on the World Telecommunication/ICT Indicators Database, 2021, International Telecommunication Union (ITU)",0.0533
2004,E,"Data based on the World Telecommunication/ICT Indicators Database, 2021, International Telecommunication Union (ITU)",Fixed broadband subscriptions per 100 inhabitants [17.6.1],,Per 100 population,Estimated,"Data based on the World Telecommunication/ICT Indicators Database, 2021, International Telecommunication Union (ITU)",0.0746
2005,E,"Data based on the World Telecommunication/ICT Indicators Database, 2021, International Telecommunication Union (ITU)",Fixed broadband subscriptions per 100 inhabitants [17.6.1],,Per 100 population,Estimated,"Data based on the World Telecommunication/ICT Indicators Database, 2021, International Telecommunication Union (ITU)",0.08434
2006,E,"Data based on the World Telecommunication/ICT Indicators Database, 2021, International Telecommunication Union (ITU)",Fixed broadband subscriptions per 100 inhabitants [17.6.1],,Per 100 population,Estimated,"Data based on the World Telecommunication/ICT Indicators Database, 2021, International Telecommunication Union (ITU)",0.08391
2007,E,"Data based on the World Telecommunication/ICT Indicators Database, 2021, International Telecommunication Union (ITU)",Fixed broadband subscriptions per 100 inhabitants [17.6.1],,Per 100 population,Estimated,"Data based on the World Telecommunication/ICT Indicators Database, 2021, International Telecommunication Union (ITU)",0.1241
2008,E,"Data based on the World Telecommunication/ICT Indicators Database, 2021, International Telecommunication Union (ITU)",Fixed broadband subscriptions per 100 inhabitants [17.6.1],,Per 100 population,Estimated,"Data based on the World Telecommunication/ICT Indicators Database, 2021, International Telecommunication Union (ITU)",0.1454
2009,E,"Data based on the World Telecommunication/ICT Indicators Database, 2021, International Telecommunication Union (ITU)",Fixed broadband subscriptions per 100 inhabitants [17.6.1],,Per 100 population,Estimated,"Data based on the World Telecommunication/ICT Indicators Database, 2021, International Telecommunication Union (ITU)",0.37623
2010,E,"Data based on the World Telecommunication/ICT Indicators Database, 2021, International Telecommunication Union (ITU)",Fixed broadband subscriptions per 100 inhabitants [17.6.1],,Per 100 population,Estimated,"Data based on the World Telecommunication/ICT Indicators Database, 2021, International Telecommunication Union (ITU)",0.25989
2011,E,"Data based on the World Telecommunication/ICT Indicators Database, 2021, International Telecommunication Union (ITU)",Fixed broadband subscriptions per 100 inhabitants [17.6.1],,Per 100 population,Estimated,"Data based on the World Telecommunication/ICT Indicators Database, 2021, International Telecommunication Union (ITU)",0.26368
2012,E,"Data based on the World Telecommunication/ICT Indicators Database, 2021, International Telecommunication Union (ITU)",Fixed broadband subscriptions per 100 inhabitants [17.6.1],,Per 100 population,Estimated,"Data based on the World Telecommunication/ICT Indicators Database, 2021, International Telecommunication Union (ITU)",0.54826
2013,E,"Data based on the World Telecommunication/ICT Indicators Database, 2021, International Telecommunication Union (ITU)",Fixed broadband subscriptions per 100 inhabitants [17.6.1],,Per 100 population,Estimated,"Data based on the World Telecommunication/ICT Indicators Database, 2021, International Telecommunication Union (ITU)",0.77838
2014,E,"Data based on the World Telecommunication/ICT Indicators Database, 2021, International Telecommunication Union (ITU)",Fixed broadband subscriptions per 100 inhabitants [17.6.1],,Per 100 population,Estimated,"Data based on the World Telecommunication/ICT Indicators Database, 2021, International Telecommunication Union (ITU)",1.12046
2015,E,"Data based on the World Telecommunication/ICT Indicators Database, 2021, International Telecommunication Union (ITU)",Fixed broadband subscriptions per 100 inhabitants [17.6.1],,Per 100 population,Estimated,"Data based on the World Telecommunication/ICT Indicators Database, 2021, International Telecommunication Union (ITU)",1.18705
2016,E,"Data based on the World Telecommunication/ICT Indicators Database, 2021, International Telecommunication Union (ITU)",Fixed broadband subscriptions per 100 inhabitants [17.6.1],,Per 100 population,Estimated,"Data based on the World Telecommunication/ICT Indicators Database, 2021, International Telecommunication Union (ITU)",1.21763
2017,E,"Data based on the World Telecommunication/ICT Indicators Database, 2021, International Telecommunication Union (ITU)",Fixed broadband subscriptions per 100 inhabitants [17.6.1],,Per 100 population,Estimated,"Data based on the World Telecommunication/ICT Indicators Database, 2021, International Telecommunication Union (ITU)",1.31569
2018,E,"Data based on the World Telecommunication/ICT Indicators Database, 2021, International Telecommunication Union (ITU)",Fixed broadband subscriptions per 100 inhabitants [17.6.1],,Per 100 population,Estimated,"Data based on the World Telecommunication/ICT Indicators Database, 2021, International Telecommunication Union (ITU)",1.40632
2019,E,"Data based on the World Telecommunication/ICT Indicators Database, 2021, International Telecommunication Union (ITU)",Fixed broadband subscriptions per 100 inhabitants [17.6.1],,Per 100 population,Estimated,"Data based on the World Telecommunication/ICT Indicators Database, 2021, International Telecommunication Union (ITU)",1.39582
2020,E,"Data based on the World Telecommunication/ICT Indicators Database, 2021, International Telecommunication Union (ITU)",Fixed broadband subscriptions per 100 inhabitants [17.6.1],,Per 100 population,Estimated,"Data based on the World Telecommunication/ICT Indicators Database, 2021, International Telecommunication Union (ITU)",1.36892
2012,E,"Data based on the World Telecommunication/ICT Indicators Database, 2021, International Telecommunication Union (ITU)",Fixed broadband subscriptions per 100 inhabitants [17.6.1],Internet speed: 256 kbit/s to less than 2 Mbit/s,Per 100 population,Estimated,"Data based on the World Telecommunication/ICT Indicators Database, 2021, International Telecommunication Union (ITU)",0.52266
2013,E,"Data based on the World Telecommunication/ICT Indicators Database, 2021, International Telecommunication Union (ITU)",Fixed broadband subscriptions per 100 inhabitants [17.6.1],Internet speed: 256 kbit/s to less than 2 Mbit/s,Per 100 population,Estimated,"Data based on the World Telecommunication/ICT Indicators Database, 2021, International Telecommunication Union (ITU)",0.72547
2014,E,"Data based on the World Telecommunication/ICT Indicators Database, 2021, International Telecommunication Union (ITU)",Fixed broadband subscriptions per 100 inhabitants [17.6.1],Internet speed: 256 kbit/s to less than 2 Mbit/s,Per 100 population,Estimated,"Data based on the World Telecommunication/ICT Indicators Database, 2021, International Telecommunication Union (ITU)",1.02207
2015,E,"Data based on the World Telecommunication/ICT Indicators Database, 2021, International Telecommunication Union (ITU)",Fixed broadband subscriptions per 100 inhabitants [17.6.1],Internet speed: 256 kbit/s to less than 2 Mbit/s,Per 100 population,Estimated,"Data based on the World Telecommunication/ICT Indicators Database, 2021, International Telecommunication Union (ITU)",1.07946
2016,E,"Data based on the World Telecommunication/ICT Indicators Database, 2021, International Telecommunication Union (ITU)",Fixed broadband subscriptions per 100 inhabitants [17.6.1],Internet speed: 256 kbit/s to less than 2 Mbit/s,Per 100 population,Estimated,"Data based on the World Telecommunication/ICT Indicators Database, 2021, International Telecommunication Union (ITU)",1.1034
2017,E,"Data based on the World Telecommunication/ICT Indicators Database, 2021, International Telecommunication Union (ITU)",Fixed broadband subscriptions per 100 inhabitants [17.6.1],Internet speed: 256 kbit/s to less than 2 Mbit/s,Per 100 population,Estimated,"Data based on the World Telecommunication/ICT Indicators Database, 2021, International Telecommunication Union (ITU)",1.0286
2018,E,"Data based on the World Telecommunication/ICT Indicators Database, 2021, International Telecommunication Union (ITU)",Fixed broadband subscriptions per 100 inhabitants [17.6.1],Internet speed: 256 kbit/s to less than 2 Mbit/s,Per 100 population,Estimated,"Data based on the World Telecommunication/ICT Indicators Database, 2021, International Telecommunication Union (ITU)",0.96957
2019,E,"Data based on the World Telecommunication/ICT Indicators Database, 2021, International Telecommunication Union (ITU)",Fixed broadband subscriptions per 100 inhabitants [17.6.1],Internet speed: 256 kbit/s to less than 2 Mbit/s,Per 100 population,Estimated,"Data based on the World Telecommunication/ICT Indicators Database, 2021, International Telecommunication Union (ITU)",0.90485
2020,E,"Data based on the World Telecommunication/ICT Indicators Database, 2021, International Telecommunication Union (ITU)",Fixed broadband subscriptions per 100 inhabitants [17.6.1],Internet speed: 256 kbit/s to less than 2 Mbit/s,Per 100 population,Estimated,"Data based on the World Telecommunication/ICT Indicators Database, 2021, International Telecommunication Union (ITU)",0.84164
2012,E,"Data based on the World Telecommunication/ICT Indicators Database, 2021, International Telecommunication Union (ITU)",Fixed broadband subscriptions per 100 inhabitants [17.6.1],Internet speed: 2 Mbit/s to less than 10 Mbit/s,Per 100 population,Estimated,"Data based on the World Telecommunication/ICT Indicators Database, 2021, International Telecommunication Union (ITU)",0.02209
2013,E,"Data based on the World Telecommunication/ICT Indicators Database, 2021, International Telecommunication Union (ITU)",Fixed broadband subscriptions per 100 inhabitants [17.6.1],Internet speed: 2 Mbit/s to less than 10 Mbit/s,Per 100 population,Estimated,"Data based on the World Telecommunication/ICT Indicators Database, 2021, International Telecommunication Union (ITU)",0.0425
2014,E,"Data based on the World Telecommunication/ICT Indicators Database, 2021, International Telecommunication Union (ITU)",Fixed broadband subscriptions per 100 inhabitants [17.6.1],Internet speed: 2 Mbit/s to less than 10 Mbit/s,Per 100 population,Estimated,"Data based on the World Telecommunication/ICT Indicators Database, 2021, International Telecommunication Union (ITU)",0.09012
2015,E,"Data based on the World Telecommunication/ICT Indicators Database, 2021, International Telecommunication Union (ITU)",Fixed broadband subscriptions per 100 inhabitants [17.6.1],Internet speed: 2 Mbit/s to less than 10 Mbit/s,Per 100 population,Estimated,"Data based on the World Telecommunication/ICT Indicators Database, 2021, International Telecommunication Union (ITU)",0.0947
2016,E,"Data based on the World Telecommunication/ICT Indicators Database, 2021, International Telecommunication Union (ITU)",Fixed broadband subscriptions per 100 inhabitants [17.6.1],Internet speed: 2 Mbit/s to less than 10 Mbit/s,Per 100 population,Estimated,"Data based on the World Telecommunication/ICT Indicators Database, 2021, International Telecommunication Union (ITU)",0.10086
2017,E,"Data based on the World Telecommunication/ICT Indicators Database, 2021, International Telecommunication Union (ITU)",Fixed broadband subscriptions per 100 inhabitants [17.6.1],Internet speed: 2 Mbit/s to less than 10 Mbit/s,Per 100 population,Estimated,"Data based on the World Telecommunication/ICT Indicators Database, 2021, International Telecommunication Union (ITU)",0.23845
2018,E,"Data based on the World Telecommunication/ICT Indicators Database, 2021, International Telecommunication Union (ITU)",Fixed broadband subscriptions per 100 inhabitants [17.6.1],Internet speed: 2 Mbit/s to less than 10 Mbit/s,Per 100 population,Estimated,"Data based on the World Telecommunication/ICT Indicators Database, 2021, International Telecommunication Union (ITU)",0.36486
2019,E,"Data based on the World Telecommunication/ICT Indicators Database, 2021, International Telecommunication Union (ITU)",Fixed broadband subscriptions per 100 inhabitants [17.6.1],Internet speed: 2 Mbit/s to less than 10 Mbit/s,Per 100 population,Estimated,"Data based on the World Telecommunication/ICT Indicators Database, 2021, International Telecommunication Union (ITU)",0.40305
2020,E,"Data based on the World Telecommunication/ICT Indicators Database, 2021, International Telecommunication Union (ITU)",Fixed broadband subscriptions per 100 inhabitants [17.6.1],Internet speed: 2 Mbit/s to less than 10 Mbit/s,Per 100 population,Estimated,"Data based on the World Telecommunication/ICT Indicators Database, 2021, International Telecommunication Union (ITU)",0.41643
2013,E,"Data based on the World Telecommunication/ICT Indicators Database, 2021, International Telecommunication Union (ITU)",Fixed broadband subscriptions per 100 inhabitants [17.6.1],Internet speed: 10 Mbit/s or above,Per 100 population,Estimated,"Data based on the World Telecommunication/ICT Indicators Database, 2021, International Telecommunication Union (ITU)",0.00709
2014,E,"Data based on the World Telecommunication/ICT Indicators Database, 2021, International Telecommunication Union (ITU)",Fixed broadband subscriptions per 100 inhabitants [17.6.1],Internet speed: 10 Mbit/s or above,Per 100 population,Estimated,"Data based on the World Telecommunication/ICT Indicators Database, 2021, International Telecommunication Union (ITU)",0.00827
2015,E,"Data based on the World Telecommunication/ICT Indicators Database, 2021, International Telecommunication Union (ITU)",Fixed broadband subscriptions per 100 inhabitants [17.6.1],Internet speed: 10 Mbit/s or above,Per 100 population,Estimated,"Data based on the World Telecommunication/ICT Indicators Database, 2021, International Telecommunication Union (ITU)",0.01289
2016,E,"Data based on the World Telecommunication/ICT Indicators Database, 2021, International Telecommunication Union (ITU)",Fixed broadband subscriptions per 100 inhabitants [17.6.1],Internet speed: 10 Mbit/s or above,Per 100 population,Estimated,"Data based on the World Telecommunication/ICT Indicators Database, 2021, International Telecommunication Union (ITU)",0.01337
2017,E,"Data based on the World Telecommunication/ICT Indicators Database, 2021, International Telecommunication Union (ITU)",Fixed broadband subscriptions per 100 inhabitants [17.6.1],Internet speed: 10 Mbit/s or above,Per 100 population,Estimated,"Data based on the World Telecommunication/ICT Indicators Database, 2021, International Telecommunication Union (ITU)",0.04865
2018,E,"Data based on the World Telecommunication/ICT Indicators Database, 2021, International Telecommunication Union (ITU)",Fixed broadband subscriptions per 100 inhabitants [17.6.1],Internet speed: 10 Mbit/s or above,Per 100 population,Estimated,"Data based on the World Telecommunication/ICT Indicators Database, 2021, International Telecommunication Union (ITU)",0.07188
2019,E,"Data based on the World Telecommunication/ICT Indicators Database, 2021, International Telecommunication Union (ITU)",Fixed broadband subscriptions per 100 inhabitants [17.6.1],Internet speed: 10 Mbit/s or above,Per 100 population,Estimated,"Data based on the World Telecommunication/ICT Indicators Database, 2021, International Telecommunication Union (ITU)",0.08792
2020,E,"Data based on the World Telecommunication/ICT Indicators Database, 2021, International Telecommunication Union (ITU)",Fixed broadband subscriptions per 100 inhabitants [17.6.1],Internet speed: 10 Mbit/s or above,Per 100 population,Estimated,"Data based on the World Telecommunication/ICT Indicators Database, 2021, International Telecommunication Union (ITU)",0.11085
2001,E,"Data based on the World Telecommunication/ICT Indicators Database, 2021, International Telecommunication Union (ITU)",Fixed broadband subscriptions (number) [17.6.1],,Number,Country Data,POTRAZ,771.0
2002,E,"Data based on the World Telecommunication/ICT Indicators Database, 2021, International Telecommunication Union (ITU)",Fixed broadband subscriptions (number) [17.6.1],,Number,Country Data,POTRAZ,2847.0
2003,E,"Data based on the World Telecommunication/ICT Indicators Database, 2021, International Telecommunication Union (ITU)",Fixed broadband subscriptions (number) [17.6.1],,Number,Country Data,POTRAZ,6386.0
2004,E,"Data based on the World Telecommunication/ICT Indicators Database, 2021, International Telecommunication Union (ITU)",Fixed broadband subscriptions (number) [17.6.1],,Number,Country Data,POTRAZ,8967.0
2005,E,"Data based on the World Telecommunication/ICT Indicators Database, 2021, International Telecommunication Union (ITU)",Fixed broadband subscriptions (number) [17.6.1],,Number,Country Data,POTRAZ,10185.0
2006,E,"Data based on the World Telecommunication/ICT Indicators Database, 2021, International Telecommunication Union (ITU)",Fixed broadband subscriptions (number) [17.6.1],,Number,Country Data,POTRAZ,10200.0
2007,C,Post and Telecommunications Regulatory Authority (POTRAZ).,Fixed broadband subscriptions (number) [17.6.1],,Number,Country Data,POTRAZ,15210.0
2008,C,Postal and Telecommunications Regulatory Authority,Fixed broadband subscriptions (number) [17.6.1],,Number,Country Data,POTRAZ,18000.0
2009,C,Postal and Telecommunications Regulatory Authority,Fixed broadband subscriptions (number) [17.6.1],,Number,Country Data,POTRAZ,47130.0
2010,C,Postal and Telecommunications Regulatory Authority,Fixed broadband subscriptions (number) [17.6.1],,Number,Country Data,POTRAZ,33000.0
2011,C,Postal and Telecommunications Regulatory Authority,Fixed broadband subscriptions (number) [17.6.1],,Number,Country Data,POTRAZ,34000.0
2012,C,Postal and Telecommunications Regulatory Authority,Fixed broadband subscriptions (number) [17.6.1],,Number,Country Data,POTRAZ,71905.0
2013,C,Postal and Telecommunications Regulatory Authority,Fixed broadband subscriptions (number) [17.6.1],,Number,Country Data,POTRAZ,103916.0
2014,C,Postal and Telecommunications Regulatory Authority,Fixed broadband subscriptions (number) [17.6.1],,Number,Country Data,POTRAZ,152234.0
2015,C,Postal and Telecommunications Regulatory Authority,Fixed broadband subscriptions (number) [17.6.1],,Number,Country Data,POTRAZ,163987.0
2016,C,POTRAZ,Fixed broadband subscriptions (number) [17.6.1],,Number,Country Data,POTRAZ,170838.0
2017,C,POTRAZ,Fixed broadband subscriptions (number) [17.6.1],,Number,Country Data,POTRAZ,187310.0
2018,C,POTRAZ,Fixed broadband subscriptions (number) [17.6.1],,Number,Country Data,POTRAZ,203056.0
2019,C,POTRAZ,Fixed broadband subscriptions (number) [17.6.1],,Number,Country Data,POTRAZ,204424.0
2020,C,POTRAZ,Fixed broadband subscriptions (number) [17.6.1],,Number,Country Data,POTRAZ,203461.0
2012,C,Postal and Telecommunications Regulatory Authority,Fixed broadband subscriptions (number) [17.6.1],Internet speed: 256 kbit/s to less than 2 Mbit/s,Number,Country Data,POTRAZ,68548.0
2013,C,Postal and Telecommunications Regulatory Authority,Fixed broadband subscriptions (number) [17.6.1],Internet speed: 256 kbit/s to less than 2 Mbit/s,Number,Country Data,POTRAZ,96853.0
2014,C,Postal and Telecommunications Regulatory Authority,Fixed broadband subscriptions (number) [17.6.1],Internet speed: 256 kbit/s to less than 2 Mbit/s,Number,Country Data,POTRAZ,138865.0
2015,C,Postal and Telecommunications Regulatory Authority,Fixed broadband subscriptions (number) [17.6.1],Internet speed: 256 kbit/s to less than 2 Mbit/s,Number,Country Data,POTRAZ,149123.0
2016,C,POTRAZ,Fixed broadband subscriptions (number) [17.6.1],Internet speed: 256 kbit/s to less than 2 Mbit/s,Number,Country Data,POTRAZ,154811.0
2017,C,POTRAZ,Fixed broadband subscriptions (number) [17.6.1],Internet speed: 256 kbit/s to less than 2 Mbit/s,Number,Country Data,POTRAZ,146437.0
2018,C,POTRAZ,Fixed broadband subscriptions (number) [17.6.1],Internet speed: 256 kbit/s to less than 2 Mbit/s,Number,Country Data,POTRAZ,139995.0
2019,C,POTRAZ,Fixed broadband subscriptions (number) [17.6.1],Internet speed: 256 kbit/s to less than 2 Mbit/s,Number,Country Data,POTRAZ,132520.0
2020,C,POTRAZ,Fixed broadband subscriptions (number) [17.6.1],Internet speed: 256 kbit/s to less than 2 Mbit/s,Number,Country Data,POTRAZ,125092.0
2012,C,Postal and Telecommunications Regulatory Authority,Fixed broadband subscriptions (number) [17.6.1],Internet speed: 2 Mbit/s to less than 10 Mbit/s,Number,Country Data,POTRAZ,2897.0
2013,C,Postal and Telecommunications Regulatory Authority,Fixed broadband subscriptions (number) [17.6.1],Internet speed: 2 Mbit/s to less than 10 Mbit/s,Number,Country Data,POTRAZ,5674.0
2014,C,Postal and Telecommunications Regulatory Authority,Fixed broadband subscriptions (number) [17.6.1],Internet speed: 2 Mbit/s to less than 10 Mbit/s,Number,Country Data,POTRAZ,12245.0
2015,C,Postal and Telecommunications Regulatory Authority,Fixed broadband subscriptions (number) [17.6.1],Internet speed: 2 Mbit/s to less than 10 Mbit/s,Number,Country Data,POTRAZ,13083.0
2016,C,POTRAZ,Fixed broadband subscriptions (number) [17.6.1],Internet speed: 2 Mbit/s to less than 10 Mbit/s,Number,Country Data,POTRAZ,14151.0
2017,C,POTRAZ,Fixed broadband subscriptions (number) [17.6.1],Internet speed: 2 Mbit/s to less than 10 Mbit/s,Number,Country Data,POTRAZ,33947.0
2018,C,POTRAZ,Fixed broadband subscriptions (number) [17.6.1],Internet speed: 2 Mbit/s to less than 10 Mbit/s,Number,Country Data,POTRAZ,52682.0
2019,C,POTRAZ,Fixed broadband subscriptions (number) [17.6.1],Internet speed: 2 Mbit/s to less than 10 Mbit/s,Number,Country Data,POTRAZ,59028.0
2020,C,POTRAZ,Fixed broadband subscriptions (number) [17.6.1],Internet speed: 2 Mbit/s to less than 10 Mbit/s,Number,Country Data,POTRAZ,61893.0
2013,C,Postal and Telecommunications Regulatory Authority,Fixed broadband subscriptions (number) [17.6.1],Internet speed: 10 Mbit/s or above,Number,Country Data,POTRAZ,947.0
2014,C,Postal and Telecommunications Regulatory Authority,Fixed broadband subscriptions (number) [17.6.1],Internet speed: 10 Mbit/s or above,Number,Country Data,POTRAZ,1124.0
2015,C,Postal and Telecommunications Regulatory Authority,Fixed broadband subscriptions (number) [17.6.1],Internet speed: 10 Mbit/s or above,Number,Country Data,POTRAZ,1781.0
2016,C,POTRAZ,Fixed broadband subscriptions (number) [17.6.1],Internet speed: 10 Mbit/s or above,Number,Country Data,POTRAZ,1876.0
2017,C,POTRAZ,Fixed broadband subscriptions (number) [17.6.1],Internet speed: 10 Mbit/s or above,Number,Country Data,POTRAZ,6926.0
2018,C,POTRAZ,Fixed broadband subscriptions (number) [17.6.1],Internet speed: 10 Mbit/s or above,Number,Country Data,POTRAZ,10379.0
2019,C,POTRAZ,Fixed broadband subscriptions (number) [17.6.1],Internet speed: 10 Mbit/s or above,Number,Country Data,POTRAZ,12876.0
2020,C,POTRAZ,Fixed broadband subscriptions (number) [17.6.1],Internet speed: 10 Mbit/s or above,Number,Country Data,POTRAZ,16476.0
