Year,COMMENT_OBS,SOURCE_DETAIL,SDG Series,Type of product,Nature of data points,Observation-level footnotes,Source details,Value
2010,Abnormally high defined as IFPA>=1; Moderately high defined as 0.5=<IFPA< 1; Twelve month average of monthly price anomalies,FAOSTAT Data/ Consumer Price Indices: http://www.fao.org/faostat/en/#data/CP.,"Indicator of Food Price Anomalies (IFPA), by Consumer Food Price Index [2.c.1]",,Not Available,Obs_Value = NaN;  NaN = A figure was not provided,NA,-0.496
2011,Abnormally high defined as IFPA>=1; Moderately high defined as 0.5=<IFPA< 1; Twelve month average of monthly price anomalies,FAOSTAT Data/ Consumer Price Indices: http://www.fao.org/faostat/en/#data/CP.,"Indicator of Food Price Anomalies (IFPA), by Consumer Food Price Index [2.c.1]",,Not Available,Obs_Value = NaN;  NaN = A figure was not provided,NA,0.095
2012,Abnormally high defined as IFPA>=1; Moderately high defined as 0.5=<IFPA< 1; Twelve month average of monthly price anomalies,FAOSTAT Data/ Consumer Price Indices: http://www.fao.org/faostat/en/#data/CP.,"Indicator of Food Price Anomalies (IFPA), by Consumer Food Price Index [2.c.1]",,Not Available,Obs_Value = NaN;  NaN = A figure was not provided,NA,-0.924
2013,Abnormally high defined as IFPA>=1; Moderately high defined as 0.5=<IFPA< 1; Twelve month average of monthly price anomalies,FAOSTAT Data/ Consumer Price Indices: http://www.fao.org/faostat/en/#data/CP.,"Indicator of Food Price Anomalies (IFPA), by Consumer Food Price Index [2.c.1]",,Not Available,Obs_Value = NaN;  NaN = A figure was not provided,NA,-0.289
2014,Abnormally high defined as IFPA>=1; Moderately high defined as 0.5=<IFPA< 1; Twelve month average of monthly price anomalies,FAOSTAT Data/ Consumer Price Indices: http://www.fao.org/faostat/en/#data/CP.,"Indicator of Food Price Anomalies (IFPA), by Consumer Food Price Index [2.c.1]",,Not Available,Obs_Value = NaN;  NaN = A figure was not provided,NA,-0.353
2015,Abnormally high defined as IFPA>=1; Moderately high defined as 0.5=<IFPA< 1; Twelve month average of monthly price anomalies,FAOSTAT Data/ Consumer Price Indices: http://www.fao.org/faostat/en/#data/CP.,"Indicator of Food Price Anomalies (IFPA), by Consumer Food Price Index [2.c.1]",,Not Available,Obs_Value = NaN;  NaN = A figure was not provided,NA,0.256
2016,Abnormally high defined as IFPA>=1; Moderately high defined as 0.5=<IFPA< 1; Twelve month average of monthly price anomalies,FAOSTAT Data/ Consumer Price Indices: http://www.fao.org/faostat/en/#data/CP.,"Indicator of Food Price Anomalies (IFPA), by Consumer Food Price Index [2.c.1]",,Not Available,Obs_Value = NaN;  NaN = A figure was not provided,NA,0.054
2017,Abnormally high defined as IFPA>=1; Moderately high defined as 0.5=<IFPA< 1; Twelve month average of monthly price anomalies,FAOSTAT Data/ Consumer Price Indices: http://www.fao.org/faostat/en/#data/CP.,"Indicator of Food Price Anomalies (IFPA), by Consumer Food Price Index [2.c.1]",,Not Available,Obs_Value = NaN;  NaN = A figure was not provided,NA,-0.058
2018,Abnormally high defined as IFPA>=1; Moderately high defined as 0.5=<IFPA< 1; Twelve month average of monthly price anomalies,FAOSTAT Data/ Consumer Price Indices: http://www.fao.org/faostat/en/#data/CP.,"Indicator of Food Price Anomalies (IFPA), by Consumer Food Price Index [2.c.1]",,Not Available,Obs_Value = NaN;  NaN = A figure was not provided,NA,-1.528
2019,Abnormally high defined as IFPA>=1; Moderately high defined as 0.5=<IFPA< 1; Twelve month average of monthly price anomalies,FAOSTAT Data/ Consumer Price Indices: http://www.fao.org/faostat/en/#data/CP.,"Indicator of Food Price Anomalies (IFPA), by Consumer Food Price Index [2.c.1]",,Not Available,Obs_Value = NaN;  NaN = A figure was not provided,NA,-0.145
2020,Abnormally high defined as IFPA>=1; Moderately high defined as 0.5=<IFPA< 1; Twelve month average of monthly price anomalies,FAOSTAT Data/ Consumer Price Indices: http://www.fao.org/faostat/en/#data/CP.,"Indicator of Food Price Anomalies (IFPA), by Consumer Food Price Index [2.c.1]",,Not Available,Obs_Value = NaN;  NaN = A figure was not provided,NA,-0.217
2015,"Obs_Value = 0;  Nairobi, Maize, Wholesale price",Food Price Monitoring and Analysis (FPMA) online database: https://fpma.apps.fao.org/giews/food-prices/tool/public/#/dataset/domestic.,Indicator of Food Price Anomalies (IFPA) [2.c.1],Maize,Global monitoring data,"Nairobi, Maize, Wholesale price",Food Price Monitoring and Analysis (FPMA) online database: https://fpma.apps.fao.org/giews/food-prices/tool/public/#/dataset/domestic.,0.0
2016,"Nairobi, Maize, Wholesale price",Food Price Monitoring and Analysis (FPMA) online database: https://fpma.apps.fao.org/giews/food-prices/tool/public/#/dataset/domestic.,Indicator of Food Price Anomalies (IFPA) [2.c.1],Maize,Global monitoring data,"Nairobi, Maize, Wholesale price",Food Price Monitoring and Analysis (FPMA) online database: https://fpma.apps.fao.org/giews/food-prices/tool/public/#/dataset/domestic.,-0.1
2017,"Nairobi, Maize, Wholesale price",Food Price Monitoring and Analysis (FPMA) online database: https://fpma.apps.fao.org/giews/food-prices/tool/public/#/dataset/domestic.,Indicator of Food Price Anomalies (IFPA) [2.c.1],Maize,Global monitoring data,"Nairobi, Maize, Wholesale price",Food Price Monitoring and Analysis (FPMA) online database: https://fpma.apps.fao.org/giews/food-prices/tool/public/#/dataset/domestic.,0.7
2018,"Nairobi, Maize, Wholesale price",Food Price Monitoring and Analysis (FPMA) online database: https://fpma.apps.fao.org/giews/food-prices/tool/public/#/dataset/domestic.,Indicator of Food Price Anomalies (IFPA) [2.c.1],Maize,Global monitoring data,"Nairobi, Maize, Wholesale price",Food Price Monitoring and Analysis (FPMA) online database: https://fpma.apps.fao.org/giews/food-prices/tool/public/#/dataset/domestic.,-1.1
2019,"Nairobi, Maize, Wholesale price",Food Price Monitoring and Analysis (FPMA) online database: https://fpma.apps.fao.org/giews/food-prices/tool/public/#/dataset/domestic.,Indicator of Food Price Anomalies (IFPA) [2.c.1],Maize,Global monitoring data,"Nairobi, Maize, Wholesale price",Food Price Monitoring and Analysis (FPMA) online database: https://fpma.apps.fao.org/giews/food-prices/tool/public/#/dataset/domestic.,0.6
2020,"Nairobi, Maize, Wholesale price",Food Price Monitoring and Analysis (FPMA) online database: https://fpma.apps.fao.org/giews/food-prices/tool/public/#/dataset/domestic.,Indicator of Food Price Anomalies (IFPA) [2.c.1],Maize,Global monitoring data,"Nairobi, Maize, Wholesale price",Food Price Monitoring and Analysis (FPMA) online database: https://fpma.apps.fao.org/giews/food-prices/tool/public/#/dataset/domestic.,-0.11
2021,"Nairobi, Maize, Wholesale price",Food Price Monitoring and Analysis (FPMA) online database: https://fpma.apps.fao.org/giews/food-prices/tool/public/#/dataset/domestic.,Indicator of Food Price Anomalies (IFPA) [2.c.1],Maize,Global monitoring data,"Nairobi, Maize, Wholesale price",Food Price Monitoring and Analysis (FPMA) online database: https://fpma.apps.fao.org/giews/food-prices/tool/public/#/dataset/domestic.,0.02
