Year,COMMENT_OBS,SOURCE_DETAIL,Value
2000,Definition includes other cadres that is not in alignment with the standard definition,"Kenya Multiple Indicator Cluster Survey 2000 Preliminary Report. Central Bureau Of Statistics, Ministry Of Finance And Planning [Kenya], United Nations Children's Fund (UNICEF); 2000.",42.6
2003,"Cadres included align with the standard definition of: Doctor, nurse and/or midwife","Central Bureau of Statistics (CBS) [Kenya], Ministry of Health (MOH) [Kenya], ORC Macro. Kenya Demographic and Health Survey 2003. Calverton, Maryland: CBS, MOH, ORC Macro; 2004.",41.6
2009,"Cadres included align with the standard definition of: Doctor, nurse and/or midwife","Kenya National Bureau of Statistics (KNBS), ICF Macro. Kenya Demographic and Health Survey 2008-09. Calverton, Maryland: KNBS, ICF Macro; 2010.",43.8
2014,"Cadres included align with the standard definition of: Doctor, nurse and/or midwife","Kenya National Bureau of Statistics, Ministry of Health, National AIDS Control Council, Kenya Medical Research Institute, National Council for Population and Development, Nairobi, Kenya, The DHS Program. Kenya Demographic and Health Survey 2014. Rockville, Maryland, USA: ICF International; 2015.",61.8
2016,"Cadres included align with the standard definition of: Doctor, nurse and/or midwife","2015/16 Kenya Integrated Household Budget Survey (KIHBS), Kenya National Bureau of Statistics",70.2
