Year,SOURCE_DETAIL,Value
2006,"Central Statistical Office (CSO) [Zimbabwe], Macro International Inc. Zimbabwe Demographic and Health Survey 2005-06. Calverton, Maryland, USA: CSO [Zimbabwe], Macro International Inc.; 2007.",68.5
2009,"Zimbabwe Multiple Indicator Monitoring Survey (MIMS) 2009. Harare: Zimbabwe National Statistics Agency (ZIMSTAT), United Nations Children's Fund (UNICEF); 2010.",60.2
2011,"Zimbabwe National Statistics Agency (ZIMSTAT), ICF International. Zimbabwe Demographic and Health Survey 2010-11. Calverton, Maryland: ZIMSTAT, ICF International Inc.; 2012.",66.2
2014,"Zimbabwe National Statistics Agency (ZIMSTAT), United Nations Children's Fund (UNICEF), United Nations Population Fund (UNFPA), United Nations Development Programme (UNDP), USAID. Zimbabwe Multiple Indicator Cluster Survey 2014, Final Report. Harare, Zimbabwe: ZIMSTAT, UNICEF, UNFPA, UNDP, USAID; 2015.",80.0
2015,"Zimbabwe National Statistics Agency, ICF International. Zimbabwe Demographic and Health Survey 2015: Final Report. Rockville, Maryland, USA: Zimbabwe National Statistics Agency (ZIMSTAT), ICF International; 2016.",78.1
2019,"Zimbabwe Multiple Indicator Cluster Survey 2019, Survey Findings Report. Harare: Zimbabwe National Statistics Agency (ZIMSTAT), UNICEF; 2019.",86.0
