Year,COMMENT_OBS,SDG Series,Observation-level footnotes,Value
2000,"Commitments;Based on OECD, CRS databased, 2022;Constant 2020 USD million","Total official development assistance to medical research and basic heath sectors, gross disbursement, by recipient countries [3.b.2]","Gross disbursements;Based on OECD, CRS databased, 2022;Constant 2020 USD million",62.16098
2001,"Commitments;Based on OECD, CRS databased, 2022;Constant 2020 USD million","Total official development assistance to medical research and basic heath sectors, gross disbursement, by recipient countries [3.b.2]","Gross disbursements;Based on OECD, CRS databased, 2022;Constant 2020 USD million",87.46451
2002,"Gross disbursements;Based on OECD, CRS databased, 2022;Constant 2020 USD million","Total official development assistance to medical research and basic heath sectors, gross disbursement, by recipient countries [3.b.2]","Gross disbursements;Based on OECD, CRS databased, 2022;Constant 2020 USD million",42.78275
2003,"Gross disbursements;Based on OECD, CRS databased, 2022;Constant 2020 USD million","Total official development assistance to medical research and basic heath sectors, gross disbursement, by recipient countries [3.b.2]","Gross disbursements;Based on OECD, CRS databased, 2022;Constant 2020 USD million",35.54147
2004,"Gross disbursements;Based on OECD, CRS databased, 2022;Constant 2020 USD million","Total official development assistance to medical research and basic heath sectors, gross disbursement, by recipient countries [3.b.2]","Gross disbursements;Based on OECD, CRS databased, 2022;Constant 2020 USD million",36.3349
2005,"Gross disbursements;Based on OECD, CRS databased, 2022;Constant 2020 USD million","Total official development assistance to medical research and basic heath sectors, gross disbursement, by recipient countries [3.b.2]","Gross disbursements;Based on OECD, CRS databased, 2022;Constant 2020 USD million",59.6999
2006,"Gross disbursements;Based on OECD, CRS databased, 2022;Constant 2020 USD million","Total official development assistance to medical research and basic heath sectors, gross disbursement, by recipient countries [3.b.2]","Gross disbursements;Based on OECD, CRS databased, 2022;Constant 2020 USD million",109.47028
2007,"Gross disbursements;Based on OECD, CRS databased, 2022;Constant 2020 USD million","Total official development assistance to medical research and basic heath sectors, gross disbursement, by recipient countries [3.b.2]","Gross disbursements;Based on OECD, CRS databased, 2022;Constant 2020 USD million",68.73053
2008,"Gross disbursements;Based on OECD, CRS databased, 2022;Constant 2020 USD million","Total official development assistance to medical research and basic heath sectors, gross disbursement, by recipient countries [3.b.2]","Gross disbursements;Based on OECD, CRS databased, 2022;Constant 2020 USD million",86.54696
2009,"Gross disbursements;Based on OECD, CRS databased, 2022;Constant 2020 USD million","Total official development assistance to medical research and basic heath sectors, gross disbursement, by recipient countries [3.b.2]","Gross disbursements;Based on OECD, CRS databased, 2022;Constant 2020 USD million",126.32776
2010,"Gross disbursements;Based on OECD, CRS databased, 2022;Constant 2020 USD million","Total official development assistance to medical research and basic heath sectors, gross disbursement, by recipient countries [3.b.2]","Gross disbursements;Based on OECD, CRS databased, 2022;Constant 2020 USD million",192.28573
2011,"Gross disbursements;Based on OECD, CRS databased, 2022;Constant 2020 USD million","Total official development assistance to medical research and basic heath sectors, gross disbursement, by recipient countries [3.b.2]","Gross disbursements;Based on OECD, CRS databased, 2022;Constant 2020 USD million",201.00271
2012,"Gross disbursements;Based on OECD, CRS databased, 2022;Constant 2020 USD million","Total official development assistance to medical research and basic heath sectors, gross disbursement, by recipient countries [3.b.2]","Gross disbursements;Based on OECD, CRS databased, 2022;Constant 2020 USD million",191.35015
2013,"Gross disbursements;Based on OECD, CRS databased, 2022;Constant 2020 USD million","Total official development assistance to medical research and basic heath sectors, gross disbursement, by recipient countries [3.b.2]","Gross disbursements;Based on OECD, CRS databased, 2022;Constant 2020 USD million",202.62375
2014,"Gross disbursements;Based on OECD, CRS databased, 2022;Constant 2020 USD million","Total official development assistance to medical research and basic heath sectors, gross disbursement, by recipient countries [3.b.2]","Gross disbursements;Based on OECD, CRS databased, 2022;Constant 2020 USD million",211.54195
2015,"Gross disbursements;Based on OECD, CRS databased, 2022;Constant 2020 USD million","Total official development assistance to medical research and basic heath sectors, gross disbursement, by recipient countries [3.b.2]","Gross disbursements;Based on OECD, CRS databased, 2022;Constant 2020 USD million",204.43151
2016,"Gross disbursements;Based on OECD, CRS databased, 2022;Constant 2020 USD million","Total official development assistance to medical research and basic heath sectors, gross disbursement, by recipient countries [3.b.2]","Gross disbursements;Based on OECD, CRS databased, 2022;Constant 2020 USD million",174.22681
2017,"Gross disbursements;Based on OECD, CRS databased, 2022;Constant 2020 USD million","Total official development assistance to medical research and basic heath sectors, gross disbursement, by recipient countries [3.b.2]","Gross disbursements;Based on OECD, CRS databased, 2022;Constant 2020 USD million",260.9412
2018,"Gross disbursements;Based on OECD, CRS databased, 2022;Constant 2020 USD million","Total official development assistance to medical research and basic heath sectors, gross disbursement, by recipient countries [3.b.2]","Gross disbursements;Based on OECD, CRS databased, 2022;Constant 2020 USD million",177.89463
2019,"Gross disbursements;Based on OECD, CRS databased, 2022;Constant 2020 USD million","Total official development assistance to medical research and basic heath sectors, gross disbursement, by recipient countries [3.b.2]","Gross disbursements;Based on OECD, CRS databased, 2022;Constant 2020 USD million",231.17106
2020,"Gross disbursements;Based on OECD, CRS databased, 2022;Constant 2020 USD million","Total official development assistance to medical research and basic heath sectors, gross disbursement, by recipient countries [3.b.2]","Gross disbursements;Based on OECD, CRS databased, 2022;Constant 2020 USD million",215.95203
2010,"Net Disbursements;Based on OECD, CRS databased, 2022;Constant 2020 USD million","Total official development assistance to medical research and basic heath sectors, net disbursement, by recipient countries [3.b.2]","Net Disbursements;Based on OECD, CRS databased, 2022;Constant 2020 USD million",190.37888
2011,"Net Disbursements;Based on OECD, CRS databased, 2022;Constant 2020 USD million","Total official development assistance to medical research and basic heath sectors, net disbursement, by recipient countries [3.b.2]","Net Disbursements;Based on OECD, CRS databased, 2022;Constant 2020 USD million",198.00276
2012,"Net Disbursements;Based on OECD, CRS databased, 2022;Constant 2020 USD million","Total official development assistance to medical research and basic heath sectors, net disbursement, by recipient countries [3.b.2]","Net Disbursements;Based on OECD, CRS databased, 2022;Constant 2020 USD million",189.52415
2013,"Net Disbursements;Based on OECD, CRS databased, 2022;Constant 2020 USD million","Total official development assistance to medical research and basic heath sectors, net disbursement, by recipient countries [3.b.2]","Net Disbursements;Based on OECD, CRS databased, 2022;Constant 2020 USD million",198.92431
2014,"Net Disbursements;Based on OECD, CRS databased, 2022;Constant 2020 USD million","Total official development assistance to medical research and basic heath sectors, net disbursement, by recipient countries [3.b.2]","Net Disbursements;Based on OECD, CRS databased, 2022;Constant 2020 USD million",204.2777
2015,"Net Disbursements;Based on OECD, CRS databased, 2022;Constant 2020 USD million","Total official development assistance to medical research and basic heath sectors, net disbursement, by recipient countries [3.b.2]","Net Disbursements;Based on OECD, CRS databased, 2022;Constant 2020 USD million",200.32711
2016,"Net Disbursements;Based on OECD, CRS databased, 2022;Constant 2020 USD million","Total official development assistance to medical research and basic heath sectors, net disbursement, by recipient countries [3.b.2]","Net Disbursements;Based on OECD, CRS databased, 2022;Constant 2020 USD million",169.39078
2017,"Net Disbursements;Based on OECD, CRS databased, 2022;Constant 2020 USD million","Total official development assistance to medical research and basic heath sectors, net disbursement, by recipient countries [3.b.2]","Net Disbursements;Based on OECD, CRS databased, 2022;Constant 2020 USD million",253.84255
2018,"Net Disbursements;Based on OECD, CRS databased, 2022;Constant 2020 USD million","Total official development assistance to medical research and basic heath sectors, net disbursement, by recipient countries [3.b.2]","Net Disbursements;Based on OECD, CRS databased, 2022;Constant 2020 USD million",171.50788
2019,"Net Disbursements;Based on OECD, CRS databased, 2022;Constant 2020 USD million","Total official development assistance to medical research and basic heath sectors, net disbursement, by recipient countries [3.b.2]","Net Disbursements;Based on OECD, CRS databased, 2022;Constant 2020 USD million",226.17337
2020,"Net Disbursements;Based on OECD, CRS databased, 2022;Constant 2020 USD million","Total official development assistance to medical research and basic heath sectors, net disbursement, by recipient countries [3.b.2]","Net Disbursements;Based on OECD, CRS databased, 2022;Constant 2020 USD million",210.4648
