Year,SDG Series,Value
2020,"Legal frameworks that promote, enforce and monitor gender equality (percentage of achievement, 0 - 100) -- Area 3: employment and economic benefits. [5.1.1]",70.0
2020,"Legal frameworks that promote, enforce and monitor gender equality (percentage of achievement, 0 - 100) -- Area 1: overarching legal frameworks and public life. [5.1.1]",72.72727
2020,"Legal frameworks that promote, enforce and monitor gender equality (percentage of achievement, 0 - 100) -- Area 4: marriage and family. [5.1.1]",81.81818
2020,"Legal frameworks that promote, enforce and monitor gender equality (percentage of achievement, 0 - 100) -- Area 2: violence against women. [5.1.1]",66.66666
