Year,COMMENT_OBS,SOURCE_DETAIL,SDG Series,Sex,Unit of measure,Observation-level footnotes,Source details,Value
2018,Administrative data on most recent election results (2017).,Compiled by UNECA African Centre for Statistics and UN Women,Proportion of elected seats held by women in deliberative bodies of local government [5.5.1],Female,Percent,Administrative data on most recent election results (2017).,Compiled by UNECA African Centre for Statistics and UN Women,33.5
2000,Annual data as of 1 Feb of given year.,"Inter-Parliamentary Union (IPU), the database on Women in National Parliament, accessed February 1 of given year for annual data.",Proportion of seats held by women in national parliaments (% of total number of seats) [5.5.1],Female,Percent,"Lower Chamber or Unicameral, Data valid as of 1 Jan of given year based on the number of seats filled in parliament at the time","Inter-Parliamentary Union (IPU), Parline Database",3.57
2001,Annual data as of 1 Feb of given year.,"Inter-Parliamentary Union (IPU), the database on Women in National Parliament, accessed February 1 of given year for annual data.",Proportion of seats held by women in national parliaments (% of total number of seats) [5.5.1],Female,Percent,"Lower Chamber or Unicameral, Data valid as of 1 Jan of given year based on the number of seats filled in parliament at the time","Inter-Parliamentary Union (IPU), Parline Database",3.57
2002,Annual data as of 1 Feb of given year.,"Inter-Parliamentary Union (IPU), the database on Women in National Parliament, accessed February 1 of given year for annual data.",Proportion of seats held by women in national parliaments (% of total number of seats) [5.5.1],Female,Percent,"Lower Chamber or Unicameral, Data valid as of 1 Jan of given year based on the number of seats filled in parliament at the time","Inter-Parliamentary Union (IPU), Parline Database",3.57
2003,Annual data as of 1 Feb of given year.,"Inter-Parliamentary Union (IPU), the database on Women in National Parliament, accessed February 1 of given year for annual data.",Proportion of seats held by women in national parliaments (% of total number of seats) [5.5.1],Female,Percent,"Lower Chamber or Unicameral, Data valid as of 1 Jan of given year based on the number of seats filled in parliament at the time","Inter-Parliamentary Union (IPU), Parline Database",7.14
2004,Annual data as of 1 Feb of given year.,"Inter-Parliamentary Union (IPU), the database on Women in National Parliament, accessed February 1 of given year for annual data.",Proportion of seats held by women in national parliaments (% of total number of seats) [5.5.1],Female,Percent,"Lower Chamber or Unicameral, Data valid as of 1 Jan of given year based on the number of seats filled in parliament at the time","Inter-Parliamentary Union (IPU), Parline Database",7.14
2005,Annual data as of 1 Feb of given year.,"Inter-Parliamentary Union (IPU), the database on Women in National Parliament, accessed February 1 of given year for annual data.",Proportion of seats held by women in national parliaments (% of total number of seats) [5.5.1],Female,Percent,"Lower Chamber or Unicameral, Data valid as of 1 Jan of given year based on the number of seats filled in parliament at the time","Inter-Parliamentary Union (IPU), Parline Database",7.14
2006,Annual data as of 1 Feb of given year.,"Inter-Parliamentary Union (IPU), the database on Women in National Parliament, accessed February 1 of given year for annual data.",Proportion of seats held by women in national parliaments (% of total number of seats) [5.5.1],Female,Percent,"Lower Chamber or Unicameral, Data valid as of 1 Jan of given year based on the number of seats filled in parliament at the time","Inter-Parliamentary Union (IPU), Parline Database",7.14
2007,Annual data as of 1 Feb of given year.,"Inter-Parliamentary Union (IPU), the database on Women in National Parliament, accessed February 1 of given year for annual data.",Proportion of seats held by women in national parliaments (% of total number of seats) [5.5.1],Female,Percent,"Lower Chamber or Unicameral, Data valid as of 1 Jan of given year based on the number of seats filled in parliament at the time","Inter-Parliamentary Union (IPU), Parline Database",7.31
2008,Annual data as of 1 Feb of given year.,"Inter-Parliamentary Union (IPU), the database on Women in National Parliament, accessed February 1 of given year for annual data.",Proportion of seats held by women in national parliaments (% of total number of seats) [5.5.1],Female,Percent,"Lower Chamber or Unicameral, Data valid as of 1 Jan of given year based on the number of seats filled in parliament at the time","Inter-Parliamentary Union (IPU), Parline Database",7.25
2009,Annual data as of 1 Feb of given year.,"Inter-Parliamentary Union (IPU), the database on Women in National Parliament, accessed February 1 of given year for annual data.",Proportion of seats held by women in national parliaments (% of total number of seats) [5.5.1],Female,Percent,"Lower Chamber or Unicameral, Data valid as of 1 Jan of given year based on the number of seats filled in parliament at the time","Inter-Parliamentary Union (IPU), Parline Database",9.82
2010,Annual data as of 1 Feb of given year.,"Inter-Parliamentary Union (IPU), the database on Women in National Parliament, accessed February 1 of given year for annual data.",Proportion of seats held by women in national parliaments (% of total number of seats) [5.5.1],Female,Percent,"Lower Chamber or Unicameral, Data valid as of 1 Jan of given year based on the number of seats filled in parliament at the time","Inter-Parliamentary Union (IPU), Parline Database",9.82
2011,Annual data as of 1 Feb of given year.,"Inter-Parliamentary Union (IPU), the database on Women in National Parliament, accessed February 1 of given year for annual data.",Proportion of seats held by women in national parliaments (% of total number of seats) [5.5.1],Female,Percent,"Lower Chamber or Unicameral, Data valid as of 1 Jan of given year based on the number of seats filled in parliament at the time","Inter-Parliamentary Union (IPU), Parline Database",9.82
2012,Annual data as of 1 Feb of given year.,"Inter-Parliamentary Union (IPU), the database on Women in National Parliament, accessed February 1 of given year for annual data.",Proportion of seats held by women in national parliaments (% of total number of seats) [5.5.1],Female,Percent,"Lower Chamber or Unicameral, Data valid as of 1 Jan of given year based on the number of seats filled in parliament at the time","Inter-Parliamentary Union (IPU), Parline Database",9.82
2013,Annual data as of 1 Feb of given year.,"Inter-Parliamentary Union (IPU), the database on Women in National Parliament, accessed February 1 of given year for annual data.",Proportion of seats held by women in national parliaments (% of total number of seats) [5.5.1],Female,Percent,"Lower Chamber or Unicameral, Data valid as of 1 Jan of given year based on the number of seats filled in parliament at the time","Inter-Parliamentary Union (IPU), Parline Database",9.82
2014,Annual data as of 1 Feb of given year.,"Inter-Parliamentary Union (IPU), the database on Women in National Parliament, accessed February 1 of given year for annual data.",Proportion of seats held by women in national parliaments (% of total number of seats) [5.5.1],Female,Percent,"Lower Chamber or Unicameral, Data valid as of 1 Jan of given year based on the number of seats filled in parliament at the time","Inter-Parliamentary Union (IPU), Parline Database",19.14
2015,Annual data as of 1 Feb of given year.,"Inter-Parliamentary Union (IPU), the database on Women in National Parliament, accessed February 1 of given year for annual data.",Proportion of seats held by women in national parliaments (% of total number of seats) [5.5.1],Female,Percent,"Lower Chamber or Unicameral, Data valid as of 1 Jan of given year based on the number of seats filled in parliament at the time","Inter-Parliamentary Union (IPU), Parline Database",19.71
2016,Annual data as of 1 Feb of given year.,"Inter-Parliamentary Union (IPU), the database on Women in National Parliament, accessed February 1 of given year for annual data.",Proportion of seats held by women in national parliaments (% of total number of seats) [5.5.1],Female,Percent,"Lower Chamber or Unicameral, Data valid as of 1 Jan of given year based on the number of seats filled in parliament at the time","Inter-Parliamentary Union (IPU), Parline Database",19.71
2017,Annual data as of 1 Feb of given year.,"Inter-Parliamentary Union (IPU), the database on Women in National Parliament, accessed February 1 of given year for annual data.",Proportion of seats held by women in national parliaments (% of total number of seats) [5.5.1],Female,Percent,"Lower Chamber or Unicameral, Data valid as of 1 Jan of given year based on the number of seats filled in parliament at the time","Inter-Parliamentary Union (IPU), Parline Database",19.43
2018,Annual data as of 1 Feb of given year.,"Inter-Parliamentary Union (IPU), the database on Women in National Parliament, accessed February 1 of given year for annual data.",Proportion of seats held by women in national parliaments (% of total number of seats) [5.5.1],Female,Percent,"Lower Chamber or Unicameral, Data valid as of 1 Jan of given year based on the number of seats filled in parliament at the time","Inter-Parliamentary Union (IPU), Parline Database",21.78
2019,Annual data as of 1 Feb of given year.,"Inter-Parliamentary Union (IPU), the database on Women in National Parliament, accessed February 1 of given year for annual data.",Proportion of seats held by women in national parliaments (% of total number of seats) [5.5.1],Female,Percent,"Lower Chamber or Unicameral, Data valid as of 1 Jan of given year based on the number of seats filled in parliament at the time","Inter-Parliamentary Union (IPU), Parline Database",21.78
2020,Data are as at 1 January of reporting year | single or lower chambers of national parliaments.,"Inter-Parliamentary Union (IPU), the database on Women in National Parliament, accessed January 1 of given year for annual data.",Proportion of seats held by women in national parliaments (% of total number of seats) [5.5.1],Female,Percent,"Lower Chamber or Unicameral, Data valid as of 1 Jan of given year based on the number of seats filled in parliament at the time","Inter-Parliamentary Union (IPU), Parline Database",21.78
2021,"Lower Chamber or Unicameral, Data valid as of 1 Jan of given year based on the number of seats filled in parliament at the time","Inter-Parliamentary Union (IPU), Parline Database",Proportion of seats held by women in national parliaments (% of total number of seats) [5.5.1],Female,Percent,"Lower Chamber or Unicameral, Data valid as of 1 Jan of given year based on the number of seats filled in parliament at the time","Inter-Parliamentary Union (IPU), Parline Database",21.61
2022,"Lower Chamber or Unicameral, Data valid as of 1 Jan of given year based on the number of seats filled in parliament at the time","Inter-Parliamentary Union (IPU), Parline Database",Proportion of seats held by women in national parliaments (% of total number of seats) [5.5.1],Female,Percent,"Lower Chamber or Unicameral, Data valid as of 1 Jan of given year based on the number of seats filled in parliament at the time","Inter-Parliamentary Union (IPU), Parline Database",21.43
2000,Annual data as of 1 Feb of given year.,"Inter-Parliamentary Union (IPU), the database on Women in National Parliament, accessed February 1 of given year for annual data.",Number of seats held by women in national parliaments [5.5.1],Female,Number,"Lower Chamber or Unicameral, Data valid as of 1 Jan of given year, figures correspond to the number of seats filled in parliament at the given time.","Inter-Parliamentary Union (IPU), Parline Database",8.0
2001,Annual data as of 1 Feb of given year.,"Inter-Parliamentary Union (IPU), the database on Women in National Parliament, accessed February 1 of given year for annual data.",Number of seats held by women in national parliaments [5.5.1],Female,Number,"Lower Chamber or Unicameral, Data valid as of 1 Jan of given year, figures correspond to the number of seats filled in parliament at the given time.","Inter-Parliamentary Union (IPU), Parline Database",8.0
2002,Annual data as of 1 Feb of given year.,"Inter-Parliamentary Union (IPU), the database on Women in National Parliament, accessed February 1 of given year for annual data.",Number of seats held by women in national parliaments [5.5.1],Female,Number,"Lower Chamber or Unicameral, Data valid as of 1 Jan of given year, figures correspond to the number of seats filled in parliament at the given time.","Inter-Parliamentary Union (IPU), Parline Database",8.0
2003,Annual data as of 1 Feb of given year.,"Inter-Parliamentary Union (IPU), the database on Women in National Parliament, accessed February 1 of given year for annual data.",Number of seats held by women in national parliaments [5.5.1],Female,Number,"Lower Chamber or Unicameral, Data valid as of 1 Jan of given year, figures correspond to the number of seats filled in parliament at the given time.","Inter-Parliamentary Union (IPU), Parline Database",16.0
2004,Annual data as of 1 Feb of given year.,"Inter-Parliamentary Union (IPU), the database on Women in National Parliament, accessed February 1 of given year for annual data.",Number of seats held by women in national parliaments [5.5.1],Female,Number,"Lower Chamber or Unicameral, Data valid as of 1 Jan of given year, figures correspond to the number of seats filled in parliament at the given time.","Inter-Parliamentary Union (IPU), Parline Database",16.0
2005,Annual data as of 1 Feb of given year.,"Inter-Parliamentary Union (IPU), the database on Women in National Parliament, accessed February 1 of given year for annual data.",Number of seats held by women in national parliaments [5.5.1],Female,Number,"Lower Chamber or Unicameral, Data valid as of 1 Jan of given year, figures correspond to the number of seats filled in parliament at the given time.","Inter-Parliamentary Union (IPU), Parline Database",16.0
2006,Annual data as of 1 Feb of given year.,"Inter-Parliamentary Union (IPU), the database on Women in National Parliament, accessed February 1 of given year for annual data.",Number of seats held by women in national parliaments [5.5.1],Female,Number,"Lower Chamber or Unicameral, Data valid as of 1 Jan of given year, figures correspond to the number of seats filled in parliament at the given time.","Inter-Parliamentary Union (IPU), Parline Database",16.0
2007,Annual data as of 1 Feb of given year.,"Inter-Parliamentary Union (IPU), the database on Women in National Parliament, accessed February 1 of given year for annual data.",Number of seats held by women in national parliaments [5.5.1],Female,Number,"Lower Chamber or Unicameral, Data valid as of 1 Jan of given year, figures correspond to the number of seats filled in parliament at the given time.","Inter-Parliamentary Union (IPU), Parline Database",16.0
2008,Annual data as of 1 Feb of given year.,"Inter-Parliamentary Union (IPU), the database on Women in National Parliament, accessed February 1 of given year for annual data.",Number of seats held by women in national parliaments [5.5.1],Female,Number,"Lower Chamber or Unicameral, Data valid as of 1 Jan of given year, figures correspond to the number of seats filled in parliament at the given time.","Inter-Parliamentary Union (IPU), Parline Database",15.0
2009,Annual data as of 1 Feb of given year.,"Inter-Parliamentary Union (IPU), the database on Women in National Parliament, accessed February 1 of given year for annual data.",Number of seats held by women in national parliaments [5.5.1],Female,Number,"Lower Chamber or Unicameral, Data valid as of 1 Jan of given year, figures correspond to the number of seats filled in parliament at the given time.","Inter-Parliamentary Union (IPU), Parline Database",22.0
2010,Annual data as of 1 Feb of given year.,"Inter-Parliamentary Union (IPU), the database on Women in National Parliament, accessed February 1 of given year for annual data.",Number of seats held by women in national parliaments [5.5.1],Female,Number,"Lower Chamber or Unicameral, Data valid as of 1 Jan of given year, figures correspond to the number of seats filled in parliament at the given time.","Inter-Parliamentary Union (IPU), Parline Database",22.0
2011,Annual data as of 1 Feb of given year.,"Inter-Parliamentary Union (IPU), the database on Women in National Parliament, accessed February 1 of given year for annual data.",Number of seats held by women in national parliaments [5.5.1],Female,Number,"Lower Chamber or Unicameral, Data valid as of 1 Jan of given year, figures correspond to the number of seats filled in parliament at the given time.","Inter-Parliamentary Union (IPU), Parline Database",22.0
2012,Annual data as of 1 Feb of given year.,"Inter-Parliamentary Union (IPU), the database on Women in National Parliament, accessed February 1 of given year for annual data.",Number of seats held by women in national parliaments [5.5.1],Female,Number,"Lower Chamber or Unicameral, Data valid as of 1 Jan of given year, figures correspond to the number of seats filled in parliament at the given time.","Inter-Parliamentary Union (IPU), Parline Database",22.0
2013,Annual data as of 1 Feb of given year.,"Inter-Parliamentary Union (IPU), the database on Women in National Parliament, accessed February 1 of given year for annual data.",Number of seats held by women in national parliaments [5.5.1],Female,Number,"Lower Chamber or Unicameral, Data valid as of 1 Jan of given year, figures correspond to the number of seats filled in parliament at the given time.","Inter-Parliamentary Union (IPU), Parline Database",22.0
2014,Annual data as of 1 Feb of given year.,"Inter-Parliamentary Union (IPU), the database on Women in National Parliament, accessed February 1 of given year for annual data.",Number of seats held by women in national parliaments [5.5.1],Female,Number,"Lower Chamber or Unicameral, Data valid as of 1 Jan of given year, figures correspond to the number of seats filled in parliament at the given time.","Inter-Parliamentary Union (IPU), Parline Database",67.0
2015,Annual data as of 1 Feb of given year.,"Inter-Parliamentary Union (IPU), the database on Women in National Parliament, accessed February 1 of given year for annual data.",Number of seats held by women in national parliaments [5.5.1],Female,Number,"Lower Chamber or Unicameral, Data valid as of 1 Jan of given year, figures correspond to the number of seats filled in parliament at the given time.","Inter-Parliamentary Union (IPU), Parline Database",69.0
2016,Annual data as of 1 Feb of given year.,"Inter-Parliamentary Union (IPU), the database on Women in National Parliament, accessed February 1 of given year for annual data.",Number of seats held by women in national parliaments [5.5.1],Female,Number,"Lower Chamber or Unicameral, Data valid as of 1 Jan of given year, figures correspond to the number of seats filled in parliament at the given time.","Inter-Parliamentary Union (IPU), Parline Database",69.0
2017,Annual data as of 1 Feb of given year.,"Inter-Parliamentary Union (IPU), the database on Women in National Parliament, accessed February 1 of given year for annual data.",Number of seats held by women in national parliaments [5.5.1],Female,Number,"Lower Chamber or Unicameral, Data valid as of 1 Jan of given year, figures correspond to the number of seats filled in parliament at the given time.","Inter-Parliamentary Union (IPU), Parline Database",68.0
2018,Annual data as of 1 Feb of given year.,"Inter-Parliamentary Union (IPU), the database on Women in National Parliament, accessed February 1 of given year for annual data.",Number of seats held by women in national parliaments [5.5.1],Female,Number,"Lower Chamber or Unicameral, Data valid as of 1 Jan of given year, figures correspond to the number of seats filled in parliament at the given time.","Inter-Parliamentary Union (IPU), Parline Database",76.0
2019,Annual data as of 1 Feb of given year.,"Inter-Parliamentary Union (IPU), the database on Women in National Parliament, accessed February 1 of given year for annual data.",Number of seats held by women in national parliaments [5.5.1],Female,Number,"Lower Chamber or Unicameral, Data valid as of 1 Jan of given year, figures correspond to the number of seats filled in parliament at the given time.","Inter-Parliamentary Union (IPU), Parline Database",76.0
2020,Data are as at 1 January of reporting year | single or lower chambers of national parliaments.,"Inter-Parliamentary Union (IPU), the database on Women in National Parliament, accessed Jan 1 of given year for annual data.",Number of seats held by women in national parliaments [5.5.1],Female,Number,"Lower Chamber or Unicameral, Data valid as of 1 Jan of given year, figures correspond to the number of seats filled in parliament at the given time.","Inter-Parliamentary Union (IPU), Parline Database",76.0
2021,"Lower Chamber or Unicameral, Data valid as of 1 Jan of given year, figures correspond to the number of seats filled in parliament at the given time.","Inter-Parliamentary Union (IPU), Parline Database",Number of seats held by women in national parliaments [5.5.1],Female,Number,"Lower Chamber or Unicameral, Data valid as of 1 Jan of given year, figures correspond to the number of seats filled in parliament at the given time.","Inter-Parliamentary Union (IPU), Parline Database",75.0
2022,"Lower Chamber or Unicameral, Data valid as of 1 Jan of given year, figures correspond to the number of seats filled in parliament at the given time.","Inter-Parliamentary Union (IPU), Parline Database",Number of seats held by women in national parliaments [5.5.1],Female,Number,"Lower Chamber or Unicameral, Data valid as of 1 Jan of given year, figures correspond to the number of seats filled in parliament at the given time.","Inter-Parliamentary Union (IPU), Parline Database",75.0
2021,"Bicameral: Lower chamber (National Assembly), Data valid as of 1 Jan of given year","Inter-Parliamentary Union (IPU), Parline Database",Current number of seats in national parliaments [5.5.1],,Number,"Bicameral: Lower chamber (National Assembly), Data valid as of 1 Jan of given year","Inter-Parliamentary Union (IPU), Parline Database",347.0
2022,"Bicameral: Lower chamber (National Assembly), Data valid as of 1 Jan of given year","Inter-Parliamentary Union (IPU), Parline Database",Current number of seats in national parliaments [5.5.1],,Number,"Bicameral: Lower chamber (National Assembly), Data valid as of 1 Jan of given year","Inter-Parliamentary Union (IPU), Parline Database",350.0
