Year,COMMENT_OBS,Sex,Value
2011,Repository: ILO-STATISTICS - Micro data processing | Break in series: Methodology revised,,17.24
2014,Repository: ILO-STATISTICS - Micro data processing,,16.56
2019,Repository: ILO-STATISTICS - Micro data processing | Employment definition: Excluding own-use production workers | Break in series: Methodology revised,,44.77
2011,Repository: ILO-STATISTICS - Micro data processing | Break in series: Methodology revised,Female,22.84
2014,Repository: ILO-STATISTICS - Micro data processing,Female,21.77
2019,Repository: ILO-STATISTICS - Micro data processing | Employment definition: Excluding own-use production workers | Break in series: Methodology revised,Female,53.05
2011,Repository: ILO-STATISTICS - Micro data processing | Break in series: Methodology revised,Male,11.02
2014,Repository: ILO-STATISTICS - Micro data processing,Male,11.15
2019,Repository: ILO-STATISTICS - Micro data processing | Employment definition: Excluding own-use production workers | Break in series: Methodology revised,Male,36.57
