Year,OBS_STATUS,UNIT_MULT,SOURCE_DETAIL,SERIES,REF_AREA,UNIT_MEASURE,DATA_LAST_UPDATE,TIME_DETAIL,Value
2011,A,9,"IEA fossil fuel subsidies database, OECD.Stat- Inventory of Support Measures for Fossil Fuels and IMF Energy Subsidies Template (pre-tax calculations)",ER_FFS_CMPT_CD,404,USD,2025-12-10T00:00:00,2022,0.00422
2012,A,9,"IEA fossil fuel subsidies database, OECD.Stat- Inventory of Support Measures for Fossil Fuels and IMF Energy Subsidies Template (pre-tax calculations)",ER_FFS_CMPT_CD,404,USD,2025-12-10T00:00:00,2022,0.00596
2013,A,9,"IEA fossil fuel subsidies database, OECD.Stat- Inventory of Support Measures for Fossil Fuels and IMF Energy Subsidies Template (pre-tax calculations)",ER_FFS_CMPT_CD,404,USD,2025-12-10T00:00:00,2022,0.00193
2015,A,9,"IEA fossil fuel subsidies database, OECD.Stat- Inventory of Support Measures for Fossil Fuels and IMF Energy Subsidies Template (pre-tax calculations)",ER_FFS_CMPT_CD,404,USD,2025-12-10T00:00:00,2022,0.42356
2016,A,9,"IEA fossil fuel subsidies database, OECD.Stat- Inventory of Support Measures for Fossil Fuels and IMF Energy Subsidies Template (pre-tax calculations)",ER_FFS_CMPT_CD,404,USD,2025-12-10T00:00:00,2022,0.44408
2017,A,9,"IEA fossil fuel subsidies database, OECD.Stat- Inventory of Support Measures for Fossil Fuels and IMF Energy Subsidies Template (pre-tax calculations)",ER_FFS_CMPT_CD,404,USD,2025-12-10T00:00:00,2022,0.3919
2018,A,9,"IEA fossil fuel subsidies database, OECD.Stat- Inventory of Support Measures for Fossil Fuels and IMF Energy Subsidies Template (pre-tax calculations)",ER_FFS_CMPT_CD,404,USD,2025-12-10T00:00:00,2022,0.16665
2019,A,9,"IEA fossil fuel subsidies database, OECD.Stat- Inventory of Support Measures for Fossil Fuels and IMF Energy Subsidies Template (pre-tax calculations)",ER_FFS_CMPT_CD,404,USD,2025-12-10T00:00:00,2022,0.09359
2021,A,9,"IEA fossil fuel subsidies database, OECD.Stat- Inventory of Support Measures for Fossil Fuels and IMF Energy Subsidies Template (pre-tax calculations)",ER_FFS_CMPT_CD,404,USD,2025-12-10T00:00:00,2022,0.04401
2022,A,9,"IEA fossil fuel subsidies database, OECD.Stat- Inventory of Support Measures for Fossil Fuels and IMF Energy Subsidies Template (pre-tax calculations)",ER_FFS_CMPT_CD,404,USD,2025-12-10T00:00:00,2022,0.06774
2011,A,0,"IEA fossil fuel subsidies database, OECD.Stat- Inventory of Support Measures for Fossil Fuels and IMF Energy Subsidies Template (pre-tax calculations)",ER_FFS_CMPT_GDP,404,PT,2025-03-21T00:00:00,2022,0.0072
2012,A,0,"IEA fossil fuel subsidies database, OECD.Stat- Inventory of Support Measures for Fossil Fuels and IMF Energy Subsidies Template (pre-tax calculations)",ER_FFS_CMPT_GDP,404,PT,2025-03-21T00:00:00,2022,0.00973
2013,A,0,"IEA fossil fuel subsidies database, OECD.Stat- Inventory of Support Measures for Fossil Fuels and IMF Energy Subsidies Template (pre-tax calculations)",ER_FFS_CMPT_GDP,404,PT,2025-03-21T00:00:00,2022,0.00304
2015,A,0,"IEA fossil fuel subsidies database, OECD.Stat- Inventory of Support Measures for Fossil Fuels and IMF Energy Subsidies Template (pre-tax calculations)",ER_FFS_CMPT_GDP,404,PT,2025-03-21T00:00:00,2022,0.60404
2016,A,0,"IEA fossil fuel subsidies database, OECD.Stat- Inventory of Support Measures for Fossil Fuels and IMF Energy Subsidies Template (pre-tax calculations)",ER_FFS_CMPT_GDP,404,PT,2025-03-21T00:00:00,2022,0.60749
2017,A,0,"IEA fossil fuel subsidies database, OECD.Stat- Inventory of Support Measures for Fossil Fuels and IMF Energy Subsidies Template (pre-tax calculations)",ER_FFS_CMPT_GDP,404,PT,2025-03-21T00:00:00,2022,0.51641
2018,A,0,"IEA fossil fuel subsidies database, OECD.Stat- Inventory of Support Measures for Fossil Fuels and IMF Energy Subsidies Template (pre-tax calculations)",ER_FFS_CMPT_GDP,404,PT,2025-03-21T00:00:00,2022,0.20789
2019,A,0,"IEA fossil fuel subsidies database, OECD.Stat- Inventory of Support Measures for Fossil Fuels and IMF Energy Subsidies Template (pre-tax calculations)",ER_FFS_CMPT_GDP,404,PT,2025-03-21T00:00:00,2022,0.11102
2021,A,0,"IEA fossil fuel subsidies database, OECD.Stat- Inventory of Support Measures for Fossil Fuels and IMF Energy Subsidies Template (pre-tax calculations)",ER_FFS_CMPT_GDP,404,PT,2025-03-21T00:00:00,2022,0.04866
2022,A,0,"IEA fossil fuel subsidies database, OECD.Stat- Inventory of Support Measures for Fossil Fuels and IMF Energy Subsidies Template (pre-tax calculations)",ER_FFS_CMPT_GDP,404,PT,2025-03-21T00:00:00,2022,0.07143
2011,A,0,UNEP / WESR,ER_FFS_CMPT_PC_CD,404,USD,2025-03-21T00:00:00,2022,0.09899
2012,A,0,UNEP / WESR,ER_FFS_CMPT_PC_CD,404,USD,2025-03-21T00:00:00,2022,0.13625
2013,A,0,UNEP / WESR,ER_FFS_CMPT_PC_CD,404,USD,2025-03-21T00:00:00,2022,0.0431
2015,A,0,UNEP / WESR,ER_FFS_CMPT_PC_CD,404,USD,2025-03-21T00:00:00,2022,9.04044
2016,A,0,UNEP / WESR,ER_FFS_CMPT_PC_CD,404,USD,2025-03-21T00:00:00,2022,9.27193
2017,A,0,UNEP / WESR,ER_FFS_CMPT_PC_CD,404,USD,2025-03-21T00:00:00,2022,8.00652
2018,A,0,UNEP / WESR,ER_FFS_CMPT_PC_CD,404,USD,2025-03-21T00:00:00,2022,3.3361
2019,A,0,UNEP / WESR,ER_FFS_CMPT_PC_CD,404,USD,2025-03-21T00:00:00,2022,1.8368
2021,A,0,UNEP / WESR,ER_FFS_CMPT_PC_CD,404,USD,2025-03-21T00:00:00,2022,0.83024
2022,A,0,UNEP / WESR,ER_FFS_CMPT_PC_CD,404,USD,2025-03-21T00:00:00,2022,1.25388
