Year,BASE_PER,NATURE,COMMENT_OBS,SOURCE_DETAIL,SDG Series,Sex,Age,Degree of urbanisation,Base period,Nature of data points,Observation-level footnotes,Source details,Value
1992,2017,G,"Accessed September 14, 2022. Based on data from WMS-I. Estimated from grouped consumption data. ","Poverty and Inequality Portal, World Bank",Proportion of population below international poverty line [1.1.1],,,,2017,Global monitoring data,"Accessed September 14, 2022. Based on data from IHBS. Estimated from unit-record consumption data. ","Poverty and Inequality Portal, World Bank",26.4
1994,2017,G,"Accessed September 14, 2022. Based on data from WMS-II. Estimated from unit-record consumption data. ","Poverty and Inequality Portal, World Bank",Proportion of population below international poverty line [1.1.1],,,,2017,Global monitoring data,"Accessed September 14, 2022. Based on data from IHBS. Estimated from unit-record consumption data. ","Poverty and Inequality Portal, World Bank",25.9
1997,2017,G,"Accessed September 14, 2022. Based on data from WMS-III. Estimated from unit-record consumption data. ","Poverty and Inequality Portal, World Bank",Proportion of population below international poverty line [1.1.1],,,,2017,Global monitoring data,"Accessed September 14, 2022. Based on data from IHBS. Estimated from unit-record consumption data. ","Poverty and Inequality Portal, World Bank",25.4
2005,2017,G,"Accessed September 14, 2022. Based on data from IHBS. Estimated from unit-record consumption data. ","Poverty and Inequality Portal, World Bank",Proportion of population below international poverty line [1.1.1],,,,2017,Global monitoring data,"Accessed September 14, 2022. Based on data from IHBS. Estimated from unit-record consumption data. ","Poverty and Inequality Portal, World Bank",36.7
2015,2017,G,"Accessed September 14, 2022. Based on data from IHBS. Estimated from unit-record consumption data. ","Poverty and Inequality Portal, World Bank",Proportion of population below international poverty line [1.1.1],,,,2017,Global monitoring data,"Accessed September 14, 2022. Based on data from IHBS. Estimated from unit-record consumption data. ","Poverty and Inequality Portal, World Bank",29.4
2005,2017,G,"Accessed September 14, 2022. Survey name: IHBS. Uses a consumption aggregate, which is not spatially deflated.","Poverty and Inequality Portal, World Bank",Proportion of population below international poverty line [1.1.1],,,Rural,2017,Global monitoring data,"Accessed September 14, 2022. Survey name: IHBS. Uses a consumption aggregate, which is not spatially deflated.","Poverty and Inequality Portal, World Bank",43.29228
2015,2017,G,"Accessed September 14, 2022. Survey name: IHBS. Uses a consumption aggregate, which is not spatially deflated.","Poverty and Inequality Portal, World Bank",Proportion of population below international poverty line [1.1.1],,,Rural,2017,Global monitoring data,"Accessed September 14, 2022. Survey name: IHBS. Uses a consumption aggregate, which is not spatially deflated.","Poverty and Inequality Portal, World Bank",38.87908
2005,2017,G,"Accessed September 14, 2022. Survey name: IHBS. Uses a consumption aggregate, which is not spatially deflated.","Poverty and Inequality Portal, World Bank",Proportion of population below international poverty line [1.1.1],,,Urban,2017,Global monitoring data,"Accessed September 14, 2022. Survey name: IHBS. Uses a consumption aggregate, which is not spatially deflated.","Poverty and Inequality Portal, World Bank",10.45626
2015,2017,G,"Accessed September 14, 2022. Survey name: IHBS. Uses a consumption aggregate, which is not spatially deflated.","Poverty and Inequality Portal, World Bank",Proportion of population below international poverty line [1.1.1],,,Urban,2017,Global monitoring data,"Accessed September 14, 2022. Survey name: IHBS. Uses a consumption aggregate, which is not spatially deflated.","Poverty and Inequality Portal, World Bank",12.30646
2005,2017,G,"Accessed September 14, 2022. Survey name: IHBS. Uses a consumption aggregate, which is not spatially deflated.","Poverty and Inequality Portal, World Bank",Proportion of population below international poverty line [1.1.1],,65 years old and over,,2017,Global monitoring data,"Accessed September 14, 2022. Survey name: IHBS. Uses a consumption aggregate, which is not spatially deflated.","Poverty and Inequality Portal, World Bank",35.45071
2015,2017,G,"Accessed September 14, 2022. Survey name: IHBS. Uses a consumption aggregate, which is not spatially deflated.","Poverty and Inequality Portal, World Bank",Proportion of population below international poverty line [1.1.1],,65 years old and over,,2017,Global monitoring data,"Accessed September 14, 2022. Survey name: IHBS. Uses a consumption aggregate, which is not spatially deflated.","Poverty and Inequality Portal, World Bank",26.35114
2005,2017,G,"Accessed September 14, 2022. Survey name: IHBS. Uses a consumption aggregate, which is not spatially deflated.","Poverty and Inequality Portal, World Bank",Proportion of population below international poverty line [1.1.1],,under 15 years old,,2017,Global monitoring data,"Accessed September 14, 2022. Survey name: IHBS. Uses a consumption aggregate, which is not spatially deflated.","Poverty and Inequality Portal, World Bank",43.47295
2015,2017,G,"Accessed September 14, 2022. Survey name: IHBS. Uses a consumption aggregate, which is not spatially deflated.","Poverty and Inequality Portal, World Bank",Proportion of population below international poverty line [1.1.1],,under 15 years old,,2017,Global monitoring data,"Accessed September 14, 2022. Survey name: IHBS. Uses a consumption aggregate, which is not spatially deflated.","Poverty and Inequality Portal, World Bank",37.70111
2005,2017,G,"Accessed September 14, 2022. Survey name: IHBS. Uses a consumption aggregate, which is not spatially deflated.","Poverty and Inequality Portal, World Bank",Proportion of population below international poverty line [1.1.1],,15 to 64 years old,,2017,Global monitoring data,"Accessed September 14, 2022. Survey name: IHBS. Uses a consumption aggregate, which is not spatially deflated.","Poverty and Inequality Portal, World Bank",31.50417
2015,2017,G,"Accessed September 14, 2022. Survey name: IHBS. Uses a consumption aggregate, which is not spatially deflated.","Poverty and Inequality Portal, World Bank",Proportion of population below international poverty line [1.1.1],,15 to 64 years old,,2017,Global monitoring data,"Accessed September 14, 2022. Survey name: IHBS. Uses a consumption aggregate, which is not spatially deflated.","Poverty and Inequality Portal, World Bank",23.37704
2005,2017,G,"Accessed September 14, 2022. Survey name: IHBS. Uses a consumption aggregate, which is not spatially deflated.","Poverty and Inequality Portal, World Bank",Proportion of population below international poverty line [1.1.1],Female,,,2017,Global monitoring data,"Accessed September 14, 2022. Survey name: IHBS. Uses a consumption aggregate, which is not spatially deflated.","Poverty and Inequality Portal, World Bank",37.12639
2015,2017,G,"Accessed September 14, 2022. Survey name: IHBS. Uses a consumption aggregate, which is not spatially deflated.","Poverty and Inequality Portal, World Bank",Proportion of population below international poverty line [1.1.1],Female,,,2017,Global monitoring data,"Accessed September 14, 2022. Survey name: IHBS. Uses a consumption aggregate, which is not spatially deflated.","Poverty and Inequality Portal, World Bank",29.8379
2005,2017,G,"Accessed September 14, 2022. Survey name: IHBS. Uses a consumption aggregate, which is not spatially deflated.","Poverty and Inequality Portal, World Bank",Proportion of population below international poverty line [1.1.1],Male,,,2017,Global monitoring data,"Accessed September 14, 2022. Survey name: IHBS. Uses a consumption aggregate, which is not spatially deflated.","Poverty and Inequality Portal, World Bank",36.21428
2015,2017,G,"Accessed September 14, 2022. Survey name: IHBS. Uses a consumption aggregate, which is not spatially deflated.","Poverty and Inequality Portal, World Bank",Proportion of population below international poverty line [1.1.1],Male,,,2017,Global monitoring data,"Accessed September 14, 2022. Survey name: IHBS. Uses a consumption aggregate, which is not spatially deflated.","Poverty and Inequality Portal, World Bank",28.87994
2000,,M,,"Source = ILO modelled estimates, November 2021, available in ILOSTAT (https://ilostat.ilo.org/). For the specific sources by country and the estimation methodology refer to ILOSTAT directly.",Employed population below international poverty line [1.1.1],,15 years old and over,,,Modeled,,"Source = ILO modelled estimates, November 2021, available in ILOSTAT (https://ilostat.ilo.org/). For the specific sources by country and the estimation methodology refer to ILOSTAT directly.",33.6
2001,,M,,"Source = ILO modelled estimates, November 2021, available in ILOSTAT (https://ilostat.ilo.org/). For the specific sources by country and the estimation methodology refer to ILOSTAT directly.",Employed population below international poverty line [1.1.1],,15 years old and over,,,Modeled,,"Source = ILO modelled estimates, November 2021, available in ILOSTAT (https://ilostat.ilo.org/). For the specific sources by country and the estimation methodology refer to ILOSTAT directly.",34.7
2002,,M,,"Source = ILO modelled estimates, November 2021, available in ILOSTAT (https://ilostat.ilo.org/). For the specific sources by country and the estimation methodology refer to ILOSTAT directly.",Employed population below international poverty line [1.1.1],,15 years old and over,,,Modeled,,"Source = ILO modelled estimates, November 2021, available in ILOSTAT (https://ilostat.ilo.org/). For the specific sources by country and the estimation methodology refer to ILOSTAT directly.",37.3
2003,,M,,"Source = ILO modelled estimates, November 2021, available in ILOSTAT (https://ilostat.ilo.org/). For the specific sources by country and the estimation methodology refer to ILOSTAT directly.",Employed population below international poverty line [1.1.1],,15 years old and over,,,Modeled,,"Source = ILO modelled estimates, November 2021, available in ILOSTAT (https://ilostat.ilo.org/). For the specific sources by country and the estimation methodology refer to ILOSTAT directly.",38.9
2004,,M,,"Source = ILO modelled estimates, November 2021, available in ILOSTAT (https://ilostat.ilo.org/). For the specific sources by country and the estimation methodology refer to ILOSTAT directly.",Employed population below international poverty line [1.1.1],,15 years old and over,,,Modeled,,"Source = ILO modelled estimates, November 2021, available in ILOSTAT (https://ilostat.ilo.org/). For the specific sources by country and the estimation methodology refer to ILOSTAT directly.",39.5
2005,,M,,"Source = ILO modelled estimates, November 2021, available in ILOSTAT (https://ilostat.ilo.org/). For the specific sources by country and the estimation methodology refer to ILOSTAT directly.",Employed population below international poverty line [1.1.1],,15 years old and over,,,Modeled,,"Source = ILO modelled estimates, November 2021, available in ILOSTAT (https://ilostat.ilo.org/). For the specific sources by country and the estimation methodology refer to ILOSTAT directly.",39.5
2006,,M,,"Source = ILO modelled estimates, November 2021, available in ILOSTAT (https://ilostat.ilo.org/). For the specific sources by country and the estimation methodology refer to ILOSTAT directly.",Employed population below international poverty line [1.1.1],,15 years old and over,,,Modeled,,"Source = ILO modelled estimates, November 2021, available in ILOSTAT (https://ilostat.ilo.org/). For the specific sources by country and the estimation methodology refer to ILOSTAT directly.",39.0
2007,,M,,"Source = ILO modelled estimates, November 2021, available in ILOSTAT (https://ilostat.ilo.org/). For the specific sources by country and the estimation methodology refer to ILOSTAT directly.",Employed population below international poverty line [1.1.1],,15 years old and over,,,Modeled,,"Source = ILO modelled estimates, November 2021, available in ILOSTAT (https://ilostat.ilo.org/). For the specific sources by country and the estimation methodology refer to ILOSTAT directly.",38.1
2008,,M,,"Source = ILO modelled estimates, November 2021, available in ILOSTAT (https://ilostat.ilo.org/). For the specific sources by country and the estimation methodology refer to ILOSTAT directly.",Employed population below international poverty line [1.1.1],,15 years old and over,,,Modeled,,"Source = ILO modelled estimates, November 2021, available in ILOSTAT (https://ilostat.ilo.org/). For the specific sources by country and the estimation methodology refer to ILOSTAT directly.",37.6
2009,,M,,"Source = ILO modelled estimates, November 2021, available in ILOSTAT (https://ilostat.ilo.org/). For the specific sources by country and the estimation methodology refer to ILOSTAT directly.",Employed population below international poverty line [1.1.1],,15 years old and over,,,Modeled,,"Source = ILO modelled estimates, November 2021, available in ILOSTAT (https://ilostat.ilo.org/). For the specific sources by country and the estimation methodology refer to ILOSTAT directly.",37.0
2010,,M,,"Source = ILO modelled estimates, November 2021, available in ILOSTAT (https://ilostat.ilo.org/). For the specific sources by country and the estimation methodology refer to ILOSTAT directly.",Employed population below international poverty line [1.1.1],,15 years old and over,,,Modeled,,"Source = ILO modelled estimates, November 2021, available in ILOSTAT (https://ilostat.ilo.org/). For the specific sources by country and the estimation methodology refer to ILOSTAT directly.",36.1
2011,,M,,"Source = ILO modelled estimates, November 2021, available in ILOSTAT (https://ilostat.ilo.org/). For the specific sources by country and the estimation methodology refer to ILOSTAT directly.",Employed population below international poverty line [1.1.1],,15 years old and over,,,Modeled,,"Source = ILO modelled estimates, November 2021, available in ILOSTAT (https://ilostat.ilo.org/). For the specific sources by country and the estimation methodology refer to ILOSTAT directly.",35.3
2012,,M,,"Source = ILO modelled estimates, November 2021, available in ILOSTAT (https://ilostat.ilo.org/). For the specific sources by country and the estimation methodology refer to ILOSTAT directly.",Employed population below international poverty line [1.1.1],,15 years old and over,,,Modeled,,"Source = ILO modelled estimates, November 2021, available in ILOSTAT (https://ilostat.ilo.org/). For the specific sources by country and the estimation methodology refer to ILOSTAT directly.",34.6
2013,,M,,"Source = ILO modelled estimates, November 2021, available in ILOSTAT (https://ilostat.ilo.org/). For the specific sources by country and the estimation methodology refer to ILOSTAT directly.",Employed population below international poverty line [1.1.1],,15 years old and over,,,Modeled,,"Source = ILO modelled estimates, November 2021, available in ILOSTAT (https://ilostat.ilo.org/). For the specific sources by country and the estimation methodology refer to ILOSTAT directly.",33.9
2014,,M,,"Source = ILO modelled estimates, November 2021, available in ILOSTAT (https://ilostat.ilo.org/). For the specific sources by country and the estimation methodology refer to ILOSTAT directly.",Employed population below international poverty line [1.1.1],,15 years old and over,,,Modeled,,"Source = ILO modelled estimates, November 2021, available in ILOSTAT (https://ilostat.ilo.org/). For the specific sources by country and the estimation methodology refer to ILOSTAT directly.",33.2
2015,,M,,"Source = ILO modelled estimates, November 2021, available in ILOSTAT (https://ilostat.ilo.org/). For the specific sources by country and the estimation methodology refer to ILOSTAT directly.",Employed population below international poverty line [1.1.1],,15 years old and over,,,Modeled,,"Source = ILO modelled estimates, November 2021, available in ILOSTAT (https://ilostat.ilo.org/). For the specific sources by country and the estimation methodology refer to ILOSTAT directly.",32.5
2016,,M,,"Source = ILO modelled estimates, November 2021, available in ILOSTAT (https://ilostat.ilo.org/). For the specific sources by country and the estimation methodology refer to ILOSTAT directly.",Employed population below international poverty line [1.1.1],,15 years old and over,,,Modeled,,"Source = ILO modelled estimates, November 2021, available in ILOSTAT (https://ilostat.ilo.org/). For the specific sources by country and the estimation methodology refer to ILOSTAT directly.",31.4
2017,,M,,"Source = ILO modelled estimates, November 2021, available in ILOSTAT (https://ilostat.ilo.org/). For the specific sources by country and the estimation methodology refer to ILOSTAT directly.",Employed population below international poverty line [1.1.1],,15 years old and over,,,Modeled,,"Source = ILO modelled estimates, November 2021, available in ILOSTAT (https://ilostat.ilo.org/). For the specific sources by country and the estimation methodology refer to ILOSTAT directly.",30.0
2018,,M,,"Source = ILO modelled estimates, November 2021, available in ILOSTAT (https://ilostat.ilo.org/). For the specific sources by country and the estimation methodology refer to ILOSTAT directly.",Employed population below international poverty line [1.1.1],,15 years old and over,,,Modeled,,"Source = ILO modelled estimates, November 2021, available in ILOSTAT (https://ilostat.ilo.org/). For the specific sources by country and the estimation methodology refer to ILOSTAT directly.",28.0
2019,,M,,"Source = ILO modelled estimates, November 2021, available in ILOSTAT (https://ilostat.ilo.org/). For the specific sources by country and the estimation methodology refer to ILOSTAT directly.",Employed population below international poverty line [1.1.1],,15 years old and over,,,Modeled,,"Source = ILO modelled estimates, November 2021, available in ILOSTAT (https://ilostat.ilo.org/). For the specific sources by country and the estimation methodology refer to ILOSTAT directly.",26.4
2020,,M,,"Source = ILO modelled estimates, November 2021, available in ILOSTAT (https://ilostat.ilo.org/). For the specific sources by country and the estimation methodology refer to ILOSTAT directly.",Employed population below international poverty line [1.1.1],,15 years old and over,,,Modeled,,"Source = ILO modelled estimates, November 2021, available in ILOSTAT (https://ilostat.ilo.org/). For the specific sources by country and the estimation methodology refer to ILOSTAT directly.",27.5
2021,,M,,"Source = ILO modelled estimates, November 2021, available in ILOSTAT (https://ilostat.ilo.org/). For the specific sources by country and the estimation methodology refer to ILOSTAT directly.",Employed population below international poverty line [1.1.1],,15 years old and over,,,Modeled,,"Source = ILO modelled estimates, November 2021, available in ILOSTAT (https://ilostat.ilo.org/). For the specific sources by country and the estimation methodology refer to ILOSTAT directly.",26.4
2000,,M,,"Source = ILO modelled estimates, November 2021, available in ILOSTAT (https://ilostat.ilo.org/). For the specific sources by country and the estimation methodology refer to ILOSTAT directly.",Employed population below international poverty line [1.1.1],,25 years old and over,,,Modeled,,"Source = ILO modelled estimates, November 2021, available in ILOSTAT (https://ilostat.ilo.org/). For the specific sources by country and the estimation methodology refer to ILOSTAT directly.",31.4
2001,,M,,"Source = ILO modelled estimates, November 2021, available in ILOSTAT (https://ilostat.ilo.org/). For the specific sources by country and the estimation methodology refer to ILOSTAT directly.",Employed population below international poverty line [1.1.1],,25 years old and over,,,Modeled,,"Source = ILO modelled estimates, November 2021, available in ILOSTAT (https://ilostat.ilo.org/). For the specific sources by country and the estimation methodology refer to ILOSTAT directly.",32.5
2002,,M,,"Source = ILO modelled estimates, November 2021, available in ILOSTAT (https://ilostat.ilo.org/). For the specific sources by country and the estimation methodology refer to ILOSTAT directly.",Employed population below international poverty line [1.1.1],,25 years old and over,,,Modeled,,"Source = ILO modelled estimates, November 2021, available in ILOSTAT (https://ilostat.ilo.org/). For the specific sources by country and the estimation methodology refer to ILOSTAT directly.",35.2
2003,,M,,"Source = ILO modelled estimates, November 2021, available in ILOSTAT (https://ilostat.ilo.org/). For the specific sources by country and the estimation methodology refer to ILOSTAT directly.",Employed population below international poverty line [1.1.1],,25 years old and over,,,Modeled,,"Source = ILO modelled estimates, November 2021, available in ILOSTAT (https://ilostat.ilo.org/). For the specific sources by country and the estimation methodology refer to ILOSTAT directly.",36.8
2004,,M,,"Source = ILO modelled estimates, November 2021, available in ILOSTAT (https://ilostat.ilo.org/). For the specific sources by country and the estimation methodology refer to ILOSTAT directly.",Employed population below international poverty line [1.1.1],,25 years old and over,,,Modeled,,"Source = ILO modelled estimates, November 2021, available in ILOSTAT (https://ilostat.ilo.org/). For the specific sources by country and the estimation methodology refer to ILOSTAT directly.",37.4
2005,,M,,"Source = ILO modelled estimates, November 2021, available in ILOSTAT (https://ilostat.ilo.org/). For the specific sources by country and the estimation methodology refer to ILOSTAT directly.",Employed population below international poverty line [1.1.1],,25 years old and over,,,Modeled,,"Source = ILO modelled estimates, November 2021, available in ILOSTAT (https://ilostat.ilo.org/). For the specific sources by country and the estimation methodology refer to ILOSTAT directly.",37.5
2006,,M,,"Source = ILO modelled estimates, November 2021, available in ILOSTAT (https://ilostat.ilo.org/). For the specific sources by country and the estimation methodology refer to ILOSTAT directly.",Employed population below international poverty line [1.1.1],,25 years old and over,,,Modeled,,"Source = ILO modelled estimates, November 2021, available in ILOSTAT (https://ilostat.ilo.org/). For the specific sources by country and the estimation methodology refer to ILOSTAT directly.",36.9
2007,,M,,"Source = ILO modelled estimates, November 2021, available in ILOSTAT (https://ilostat.ilo.org/). For the specific sources by country and the estimation methodology refer to ILOSTAT directly.",Employed population below international poverty line [1.1.1],,25 years old and over,,,Modeled,,"Source = ILO modelled estimates, November 2021, available in ILOSTAT (https://ilostat.ilo.org/). For the specific sources by country and the estimation methodology refer to ILOSTAT directly.",36.1
2008,,M,,"Source = ILO modelled estimates, November 2021, available in ILOSTAT (https://ilostat.ilo.org/). For the specific sources by country and the estimation methodology refer to ILOSTAT directly.",Employed population below international poverty line [1.1.1],,25 years old and over,,,Modeled,,"Source = ILO modelled estimates, November 2021, available in ILOSTAT (https://ilostat.ilo.org/). For the specific sources by country and the estimation methodology refer to ILOSTAT directly.",35.6
2009,,M,,"Source = ILO modelled estimates, November 2021, available in ILOSTAT (https://ilostat.ilo.org/). For the specific sources by country and the estimation methodology refer to ILOSTAT directly.",Employed population below international poverty line [1.1.1],,25 years old and over,,,Modeled,,"Source = ILO modelled estimates, November 2021, available in ILOSTAT (https://ilostat.ilo.org/). For the specific sources by country and the estimation methodology refer to ILOSTAT directly.",35.0
2010,,M,,"Source = ILO modelled estimates, November 2021, available in ILOSTAT (https://ilostat.ilo.org/). For the specific sources by country and the estimation methodology refer to ILOSTAT directly.",Employed population below international poverty line [1.1.1],,25 years old and over,,,Modeled,,"Source = ILO modelled estimates, November 2021, available in ILOSTAT (https://ilostat.ilo.org/). For the specific sources by country and the estimation methodology refer to ILOSTAT directly.",34.2
2011,,M,,"Source = ILO modelled estimates, November 2021, available in ILOSTAT (https://ilostat.ilo.org/). For the specific sources by country and the estimation methodology refer to ILOSTAT directly.",Employed population below international poverty line [1.1.1],,25 years old and over,,,Modeled,,"Source = ILO modelled estimates, November 2021, available in ILOSTAT (https://ilostat.ilo.org/). For the specific sources by country and the estimation methodology refer to ILOSTAT directly.",33.4
2012,,M,,"Source = ILO modelled estimates, November 2021, available in ILOSTAT (https://ilostat.ilo.org/). For the specific sources by country and the estimation methodology refer to ILOSTAT directly.",Employed population below international poverty line [1.1.1],,25 years old and over,,,Modeled,,"Source = ILO modelled estimates, November 2021, available in ILOSTAT (https://ilostat.ilo.org/). For the specific sources by country and the estimation methodology refer to ILOSTAT directly.",32.7
2013,,M,,"Source = ILO modelled estimates, November 2021, available in ILOSTAT (https://ilostat.ilo.org/). For the specific sources by country and the estimation methodology refer to ILOSTAT directly.",Employed population below international poverty line [1.1.1],,25 years old and over,,,Modeled,,"Source = ILO modelled estimates, November 2021, available in ILOSTAT (https://ilostat.ilo.org/). For the specific sources by country and the estimation methodology refer to ILOSTAT directly.",32.0
2014,,M,,"Source = ILO modelled estimates, November 2021, available in ILOSTAT (https://ilostat.ilo.org/). For the specific sources by country and the estimation methodology refer to ILOSTAT directly.",Employed population below international poverty line [1.1.1],,25 years old and over,,,Modeled,,"Source = ILO modelled estimates, November 2021, available in ILOSTAT (https://ilostat.ilo.org/). For the specific sources by country and the estimation methodology refer to ILOSTAT directly.",31.3
2015,,M,,"Source = ILO modelled estimates, November 2021, available in ILOSTAT (https://ilostat.ilo.org/). For the specific sources by country and the estimation methodology refer to ILOSTAT directly.",Employed population below international poverty line [1.1.1],,25 years old and over,,,Modeled,,"Source = ILO modelled estimates, November 2021, available in ILOSTAT (https://ilostat.ilo.org/). For the specific sources by country and the estimation methodology refer to ILOSTAT directly.",30.6
2016,,M,,"Source = ILO modelled estimates, November 2021, available in ILOSTAT (https://ilostat.ilo.org/). For the specific sources by country and the estimation methodology refer to ILOSTAT directly.",Employed population below international poverty line [1.1.1],,25 years old and over,,,Modeled,,"Source = ILO modelled estimates, November 2021, available in ILOSTAT (https://ilostat.ilo.org/). For the specific sources by country and the estimation methodology refer to ILOSTAT directly.",29.5
2017,,M,,"Source = ILO modelled estimates, November 2021, available in ILOSTAT (https://ilostat.ilo.org/). For the specific sources by country and the estimation methodology refer to ILOSTAT directly.",Employed population below international poverty line [1.1.1],,25 years old and over,,,Modeled,,"Source = ILO modelled estimates, November 2021, available in ILOSTAT (https://ilostat.ilo.org/). For the specific sources by country and the estimation methodology refer to ILOSTAT directly.",28.2
2018,,M,,"Source = ILO modelled estimates, November 2021, available in ILOSTAT (https://ilostat.ilo.org/). For the specific sources by country and the estimation methodology refer to ILOSTAT directly.",Employed population below international poverty line [1.1.1],,25 years old and over,,,Modeled,,"Source = ILO modelled estimates, November 2021, available in ILOSTAT (https://ilostat.ilo.org/). For the specific sources by country and the estimation methodology refer to ILOSTAT directly.",26.2
2019,,M,,"Source = ILO modelled estimates, November 2021, available in ILOSTAT (https://ilostat.ilo.org/). For the specific sources by country and the estimation methodology refer to ILOSTAT directly.",Employed population below international poverty line [1.1.1],,25 years old and over,,,Modeled,,"Source = ILO modelled estimates, November 2021, available in ILOSTAT (https://ilostat.ilo.org/). For the specific sources by country and the estimation methodology refer to ILOSTAT directly.",24.6
2000,,M,,"Source = ILO modelled estimates, November 2021, available in ILOSTAT (https://ilostat.ilo.org/). For the specific sources by country and the estimation methodology refer to ILOSTAT directly.",Employed population below international poverty line [1.1.1],,15 to 24 years old,,,Modeled,,"Source = ILO modelled estimates, November 2021, available in ILOSTAT (https://ilostat.ilo.org/). For the specific sources by country and the estimation methodology refer to ILOSTAT directly.",39.8
2001,,M,,"Source = ILO modelled estimates, November 2021, available in ILOSTAT (https://ilostat.ilo.org/). For the specific sources by country and the estimation methodology refer to ILOSTAT directly.",Employed population below international poverty line [1.1.1],,15 to 24 years old,,,Modeled,,"Source = ILO modelled estimates, November 2021, available in ILOSTAT (https://ilostat.ilo.org/). For the specific sources by country and the estimation methodology refer to ILOSTAT directly.",41.0
2002,,M,,"Source = ILO modelled estimates, November 2021, available in ILOSTAT (https://ilostat.ilo.org/). For the specific sources by country and the estimation methodology refer to ILOSTAT directly.",Employed population below international poverty line [1.1.1],,15 to 24 years old,,,Modeled,,"Source = ILO modelled estimates, November 2021, available in ILOSTAT (https://ilostat.ilo.org/). For the specific sources by country and the estimation methodology refer to ILOSTAT directly.",43.5
2003,,M,,"Source = ILO modelled estimates, November 2021, available in ILOSTAT (https://ilostat.ilo.org/). For the specific sources by country and the estimation methodology refer to ILOSTAT directly.",Employed population below international poverty line [1.1.1],,15 to 24 years old,,,Modeled,,"Source = ILO modelled estimates, November 2021, available in ILOSTAT (https://ilostat.ilo.org/). For the specific sources by country and the estimation methodology refer to ILOSTAT directly.",45.0
2004,,M,,"Source = ILO modelled estimates, November 2021, available in ILOSTAT (https://ilostat.ilo.org/). For the specific sources by country and the estimation methodology refer to ILOSTAT directly.",Employed population below international poverty line [1.1.1],,15 to 24 years old,,,Modeled,,"Source = ILO modelled estimates, November 2021, available in ILOSTAT (https://ilostat.ilo.org/). For the specific sources by country and the estimation methodology refer to ILOSTAT directly.",45.6
2005,,M,,"Source = ILO modelled estimates, November 2021, available in ILOSTAT (https://ilostat.ilo.org/). For the specific sources by country and the estimation methodology refer to ILOSTAT directly.",Employed population below international poverty line [1.1.1],,15 to 24 years old,,,Modeled,,"Source = ILO modelled estimates, November 2021, available in ILOSTAT (https://ilostat.ilo.org/). For the specific sources by country and the estimation methodology refer to ILOSTAT directly.",45.7
2006,,M,,"Source = ILO modelled estimates, November 2021, available in ILOSTAT (https://ilostat.ilo.org/). For the specific sources by country and the estimation methodology refer to ILOSTAT directly.",Employed population below international poverty line [1.1.1],,15 to 24 years old,,,Modeled,,"Source = ILO modelled estimates, November 2021, available in ILOSTAT (https://ilostat.ilo.org/). For the specific sources by country and the estimation methodology refer to ILOSTAT directly.",45.3
2007,,M,,"Source = ILO modelled estimates, November 2021, available in ILOSTAT (https://ilostat.ilo.org/). For the specific sources by country and the estimation methodology refer to ILOSTAT directly.",Employed population below international poverty line [1.1.1],,15 to 24 years old,,,Modeled,,"Source = ILO modelled estimates, November 2021, available in ILOSTAT (https://ilostat.ilo.org/). For the specific sources by country and the estimation methodology refer to ILOSTAT directly.",44.6
2008,,M,,"Source = ILO modelled estimates, November 2021, available in ILOSTAT (https://ilostat.ilo.org/). For the specific sources by country and the estimation methodology refer to ILOSTAT directly.",Employed population below international poverty line [1.1.1],,15 to 24 years old,,,Modeled,,"Source = ILO modelled estimates, November 2021, available in ILOSTAT (https://ilostat.ilo.org/). For the specific sources by country and the estimation methodology refer to ILOSTAT directly.",44.2
2009,,M,,"Source = ILO modelled estimates, November 2021, available in ILOSTAT (https://ilostat.ilo.org/). For the specific sources by country and the estimation methodology refer to ILOSTAT directly.",Employed population below international poverty line [1.1.1],,15 to 24 years old,,,Modeled,,"Source = ILO modelled estimates, November 2021, available in ILOSTAT (https://ilostat.ilo.org/). For the specific sources by country and the estimation methodology refer to ILOSTAT directly.",43.7
2010,,M,,"Source = ILO modelled estimates, November 2021, available in ILOSTAT (https://ilostat.ilo.org/). For the specific sources by country and the estimation methodology refer to ILOSTAT directly.",Employed population below international poverty line [1.1.1],,15 to 24 years old,,,Modeled,,"Source = ILO modelled estimates, November 2021, available in ILOSTAT (https://ilostat.ilo.org/). For the specific sources by country and the estimation methodology refer to ILOSTAT directly.",43.0
2011,,M,,"Source = ILO modelled estimates, November 2021, available in ILOSTAT (https://ilostat.ilo.org/). For the specific sources by country and the estimation methodology refer to ILOSTAT directly.",Employed population below international poverty line [1.1.1],,15 to 24 years old,,,Modeled,,"Source = ILO modelled estimates, November 2021, available in ILOSTAT (https://ilostat.ilo.org/). For the specific sources by country and the estimation methodology refer to ILOSTAT directly.",42.3
2012,,M,,"Source = ILO modelled estimates, November 2021, available in ILOSTAT (https://ilostat.ilo.org/). For the specific sources by country and the estimation methodology refer to ILOSTAT directly.",Employed population below international poverty line [1.1.1],,15 to 24 years old,,,Modeled,,"Source = ILO modelled estimates, November 2021, available in ILOSTAT (https://ilostat.ilo.org/). For the specific sources by country and the estimation methodology refer to ILOSTAT directly.",41.8
2013,,M,,"Source = ILO modelled estimates, November 2021, available in ILOSTAT (https://ilostat.ilo.org/). For the specific sources by country and the estimation methodology refer to ILOSTAT directly.",Employed population below international poverty line [1.1.1],,15 to 24 years old,,,Modeled,,"Source = ILO modelled estimates, November 2021, available in ILOSTAT (https://ilostat.ilo.org/). For the specific sources by country and the estimation methodology refer to ILOSTAT directly.",41.2
2014,,M,,"Source = ILO modelled estimates, November 2021, available in ILOSTAT (https://ilostat.ilo.org/). For the specific sources by country and the estimation methodology refer to ILOSTAT directly.",Employed population below international poverty line [1.1.1],,15 to 24 years old,,,Modeled,,"Source = ILO modelled estimates, November 2021, available in ILOSTAT (https://ilostat.ilo.org/). For the specific sources by country and the estimation methodology refer to ILOSTAT directly.",40.6
2015,,M,,"Source = ILO modelled estimates, November 2021, available in ILOSTAT (https://ilostat.ilo.org/). For the specific sources by country and the estimation methodology refer to ILOSTAT directly.",Employed population below international poverty line [1.1.1],,15 to 24 years old,,,Modeled,,"Source = ILO modelled estimates, November 2021, available in ILOSTAT (https://ilostat.ilo.org/). For the specific sources by country and the estimation methodology refer to ILOSTAT directly.",40.0
2016,,M,,"Source = ILO modelled estimates, November 2021, available in ILOSTAT (https://ilostat.ilo.org/). For the specific sources by country and the estimation methodology refer to ILOSTAT directly.",Employed population below international poverty line [1.1.1],,15 to 24 years old,,,Modeled,,"Source = ILO modelled estimates, November 2021, available in ILOSTAT (https://ilostat.ilo.org/). For the specific sources by country and the estimation methodology refer to ILOSTAT directly.",39.0
2017,,M,,"Source = ILO modelled estimates, November 2021, available in ILOSTAT (https://ilostat.ilo.org/). For the specific sources by country and the estimation methodology refer to ILOSTAT directly.",Employed population below international poverty line [1.1.1],,15 to 24 years old,,,Modeled,,"Source = ILO modelled estimates, November 2021, available in ILOSTAT (https://ilostat.ilo.org/). For the specific sources by country and the estimation methodology refer to ILOSTAT directly.",37.9
2018,,M,,"Source = ILO modelled estimates, November 2021, available in ILOSTAT (https://ilostat.ilo.org/). For the specific sources by country and the estimation methodology refer to ILOSTAT directly.",Employed population below international poverty line [1.1.1],,15 to 24 years old,,,Modeled,,"Source = ILO modelled estimates, November 2021, available in ILOSTAT (https://ilostat.ilo.org/). For the specific sources by country and the estimation methodology refer to ILOSTAT directly.",36.0
2019,,M,,"Source = ILO modelled estimates, November 2021, available in ILOSTAT (https://ilostat.ilo.org/). For the specific sources by country and the estimation methodology refer to ILOSTAT directly.",Employed population below international poverty line [1.1.1],,15 to 24 years old,,,Modeled,,"Source = ILO modelled estimates, November 2021, available in ILOSTAT (https://ilostat.ilo.org/). For the specific sources by country and the estimation methodology refer to ILOSTAT directly.",34.6
2000,,M,,"Source = ILO modelled estimates, November 2021, available in ILOSTAT (https://ilostat.ilo.org/). For the specific sources by country and the estimation methodology refer to ILOSTAT directly.",Employed population below international poverty line [1.1.1],Female,15 years old and over,,,Modeled,,"Source = ILO modelled estimates, November 2021, available in ILOSTAT (https://ilostat.ilo.org/). For the specific sources by country and the estimation methodology refer to ILOSTAT directly.",34.4
2001,,M,,"Source = ILO modelled estimates, November 2021, available in ILOSTAT (https://ilostat.ilo.org/). For the specific sources by country and the estimation methodology refer to ILOSTAT directly.",Employed population below international poverty line [1.1.1],Female,15 years old and over,,,Modeled,,"Source = ILO modelled estimates, November 2021, available in ILOSTAT (https://ilostat.ilo.org/). For the specific sources by country and the estimation methodology refer to ILOSTAT directly.",35.6
2002,,M,,"Source = ILO modelled estimates, November 2021, available in ILOSTAT (https://ilostat.ilo.org/). For the specific sources by country and the estimation methodology refer to ILOSTAT directly.",Employed population below international poverty line [1.1.1],Female,15 years old and over,,,Modeled,,"Source = ILO modelled estimates, November 2021, available in ILOSTAT (https://ilostat.ilo.org/). For the specific sources by country and the estimation methodology refer to ILOSTAT directly.",38.3
2003,,M,,"Source = ILO modelled estimates, November 2021, available in ILOSTAT (https://ilostat.ilo.org/). For the specific sources by country and the estimation methodology refer to ILOSTAT directly.",Employed population below international poverty line [1.1.1],Female,15 years old and over,,,Modeled,,"Source = ILO modelled estimates, November 2021, available in ILOSTAT (https://ilostat.ilo.org/). For the specific sources by country and the estimation methodology refer to ILOSTAT directly.",39.9
2004,,M,,"Source = ILO modelled estimates, November 2021, available in ILOSTAT (https://ilostat.ilo.org/). For the specific sources by country and the estimation methodology refer to ILOSTAT directly.",Employed population below international poverty line [1.1.1],Female,15 years old and over,,,Modeled,,"Source = ILO modelled estimates, November 2021, available in ILOSTAT (https://ilostat.ilo.org/). For the specific sources by country and the estimation methodology refer to ILOSTAT directly.",40.5
2005,,M,,"Source = ILO modelled estimates, November 2021, available in ILOSTAT (https://ilostat.ilo.org/). For the specific sources by country and the estimation methodology refer to ILOSTAT directly.",Employed population below international poverty line [1.1.1],Female,15 years old and over,,,Modeled,,"Source = ILO modelled estimates, November 2021, available in ILOSTAT (https://ilostat.ilo.org/). For the specific sources by country and the estimation methodology refer to ILOSTAT directly.",40.5
2006,,M,,"Source = ILO modelled estimates, November 2021, available in ILOSTAT (https://ilostat.ilo.org/). For the specific sources by country and the estimation methodology refer to ILOSTAT directly.",Employed population below international poverty line [1.1.1],Female,15 years old and over,,,Modeled,,"Source = ILO modelled estimates, November 2021, available in ILOSTAT (https://ilostat.ilo.org/). For the specific sources by country and the estimation methodology refer to ILOSTAT directly.",39.9
2007,,M,,"Source = ILO modelled estimates, November 2021, available in ILOSTAT (https://ilostat.ilo.org/). For the specific sources by country and the estimation methodology refer to ILOSTAT directly.",Employed population below international poverty line [1.1.1],Female,15 years old and over,,,Modeled,,"Source = ILO modelled estimates, November 2021, available in ILOSTAT (https://ilostat.ilo.org/). For the specific sources by country and the estimation methodology refer to ILOSTAT directly.",39.1
2008,,M,,"Source = ILO modelled estimates, November 2021, available in ILOSTAT (https://ilostat.ilo.org/). For the specific sources by country and the estimation methodology refer to ILOSTAT directly.",Employed population below international poverty line [1.1.1],Female,15 years old and over,,,Modeled,,"Source = ILO modelled estimates, November 2021, available in ILOSTAT (https://ilostat.ilo.org/). For the specific sources by country and the estimation methodology refer to ILOSTAT directly.",38.6
2009,,M,,"Source = ILO modelled estimates, November 2021, available in ILOSTAT (https://ilostat.ilo.org/). For the specific sources by country and the estimation methodology refer to ILOSTAT directly.",Employed population below international poverty line [1.1.1],Female,15 years old and over,,,Modeled,,"Source = ILO modelled estimates, November 2021, available in ILOSTAT (https://ilostat.ilo.org/). For the specific sources by country and the estimation methodology refer to ILOSTAT directly.",37.9
2010,,M,,"Source = ILO modelled estimates, November 2021, available in ILOSTAT (https://ilostat.ilo.org/). For the specific sources by country and the estimation methodology refer to ILOSTAT directly.",Employed population below international poverty line [1.1.1],Female,15 years old and over,,,Modeled,,"Source = ILO modelled estimates, November 2021, available in ILOSTAT (https://ilostat.ilo.org/). For the specific sources by country and the estimation methodology refer to ILOSTAT directly.",37.0
2011,,M,,"Source = ILO modelled estimates, November 2021, available in ILOSTAT (https://ilostat.ilo.org/). For the specific sources by country and the estimation methodology refer to ILOSTAT directly.",Employed population below international poverty line [1.1.1],Female,15 years old and over,,,Modeled,,"Source = ILO modelled estimates, November 2021, available in ILOSTAT (https://ilostat.ilo.org/). For the specific sources by country and the estimation methodology refer to ILOSTAT directly.",36.2
2012,,M,,"Source = ILO modelled estimates, November 2021, available in ILOSTAT (https://ilostat.ilo.org/). For the specific sources by country and the estimation methodology refer to ILOSTAT directly.",Employed population below international poverty line [1.1.1],Female,15 years old and over,,,Modeled,,"Source = ILO modelled estimates, November 2021, available in ILOSTAT (https://ilostat.ilo.org/). For the specific sources by country and the estimation methodology refer to ILOSTAT directly.",35.5
2013,,M,,"Source = ILO modelled estimates, November 2021, available in ILOSTAT (https://ilostat.ilo.org/). For the specific sources by country and the estimation methodology refer to ILOSTAT directly.",Employed population below international poverty line [1.1.1],Female,15 years old and over,,,Modeled,,"Source = ILO modelled estimates, November 2021, available in ILOSTAT (https://ilostat.ilo.org/). For the specific sources by country and the estimation methodology refer to ILOSTAT directly.",34.7
2014,,M,,"Source = ILO modelled estimates, November 2021, available in ILOSTAT (https://ilostat.ilo.org/). For the specific sources by country and the estimation methodology refer to ILOSTAT directly.",Employed population below international poverty line [1.1.1],Female,15 years old and over,,,Modeled,,"Source = ILO modelled estimates, November 2021, available in ILOSTAT (https://ilostat.ilo.org/). For the specific sources by country and the estimation methodology refer to ILOSTAT directly.",33.9
2015,,M,,"Source = ILO modelled estimates, November 2021, available in ILOSTAT (https://ilostat.ilo.org/). For the specific sources by country and the estimation methodology refer to ILOSTAT directly.",Employed population below international poverty line [1.1.1],Female,15 years old and over,,,Modeled,,"Source = ILO modelled estimates, November 2021, available in ILOSTAT (https://ilostat.ilo.org/). For the specific sources by country and the estimation methodology refer to ILOSTAT directly.",33.2
2016,,M,,"Source = ILO modelled estimates, November 2021, available in ILOSTAT (https://ilostat.ilo.org/). For the specific sources by country and the estimation methodology refer to ILOSTAT directly.",Employed population below international poverty line [1.1.1],Female,15 years old and over,,,Modeled,,"Source = ILO modelled estimates, November 2021, available in ILOSTAT (https://ilostat.ilo.org/). For the specific sources by country and the estimation methodology refer to ILOSTAT directly.",32.1
2017,,M,,"Source = ILO modelled estimates, November 2021, available in ILOSTAT (https://ilostat.ilo.org/). For the specific sources by country and the estimation methodology refer to ILOSTAT directly.",Employed population below international poverty line [1.1.1],Female,15 years old and over,,,Modeled,,"Source = ILO modelled estimates, November 2021, available in ILOSTAT (https://ilostat.ilo.org/). For the specific sources by country and the estimation methodology refer to ILOSTAT directly.",30.6
2018,,M,,"Source = ILO modelled estimates, November 2021, available in ILOSTAT (https://ilostat.ilo.org/). For the specific sources by country and the estimation methodology refer to ILOSTAT directly.",Employed population below international poverty line [1.1.1],Female,15 years old and over,,,Modeled,,"Source = ILO modelled estimates, November 2021, available in ILOSTAT (https://ilostat.ilo.org/). For the specific sources by country and the estimation methodology refer to ILOSTAT directly.",28.4
2019,,M,,"Source = ILO modelled estimates, November 2021, available in ILOSTAT (https://ilostat.ilo.org/). For the specific sources by country and the estimation methodology refer to ILOSTAT directly.",Employed population below international poverty line [1.1.1],Female,15 years old and over,,,Modeled,,"Source = ILO modelled estimates, November 2021, available in ILOSTAT (https://ilostat.ilo.org/). For the specific sources by country and the estimation methodology refer to ILOSTAT directly.",26.8
2000,,M,,"Source = ILO modelled estimates, November 2021, available in ILOSTAT (https://ilostat.ilo.org/). For the specific sources by country and the estimation methodology refer to ILOSTAT directly.",Employed population below international poverty line [1.1.1],Female,25 years old and over,,,Modeled,,"Source = ILO modelled estimates, November 2021, available in ILOSTAT (https://ilostat.ilo.org/). For the specific sources by country and the estimation methodology refer to ILOSTAT directly.",33.0
2001,,M,,"Source = ILO modelled estimates, November 2021, available in ILOSTAT (https://ilostat.ilo.org/). For the specific sources by country and the estimation methodology refer to ILOSTAT directly.",Employed population below international poverty line [1.1.1],Female,25 years old and over,,,Modeled,,"Source = ILO modelled estimates, November 2021, available in ILOSTAT (https://ilostat.ilo.org/). For the specific sources by country and the estimation methodology refer to ILOSTAT directly.",34.2
2002,,M,,"Source = ILO modelled estimates, November 2021, available in ILOSTAT (https://ilostat.ilo.org/). For the specific sources by country and the estimation methodology refer to ILOSTAT directly.",Employed population below international poverty line [1.1.1],Female,25 years old and over,,,Modeled,,"Source = ILO modelled estimates, November 2021, available in ILOSTAT (https://ilostat.ilo.org/). For the specific sources by country and the estimation methodology refer to ILOSTAT directly.",36.9
2003,,M,,"Source = ILO modelled estimates, November 2021, available in ILOSTAT (https://ilostat.ilo.org/). For the specific sources by country and the estimation methodology refer to ILOSTAT directly.",Employed population below international poverty line [1.1.1],Female,25 years old and over,,,Modeled,,"Source = ILO modelled estimates, November 2021, available in ILOSTAT (https://ilostat.ilo.org/). For the specific sources by country and the estimation methodology refer to ILOSTAT directly.",38.5
2004,,M,,"Source = ILO modelled estimates, November 2021, available in ILOSTAT (https://ilostat.ilo.org/). For the specific sources by country and the estimation methodology refer to ILOSTAT directly.",Employed population below international poverty line [1.1.1],Female,25 years old and over,,,Modeled,,"Source = ILO modelled estimates, November 2021, available in ILOSTAT (https://ilostat.ilo.org/). For the specific sources by country and the estimation methodology refer to ILOSTAT directly.",39.2
2005,,M,,"Source = ILO modelled estimates, November 2021, available in ILOSTAT (https://ilostat.ilo.org/). For the specific sources by country and the estimation methodology refer to ILOSTAT directly.",Employed population below international poverty line [1.1.1],Female,25 years old and over,,,Modeled,,"Source = ILO modelled estimates, November 2021, available in ILOSTAT (https://ilostat.ilo.org/). For the specific sources by country and the estimation methodology refer to ILOSTAT directly.",39.2
2006,,M,,"Source = ILO modelled estimates, November 2021, available in ILOSTAT (https://ilostat.ilo.org/). For the specific sources by country and the estimation methodology refer to ILOSTAT directly.",Employed population below international poverty line [1.1.1],Female,25 years old and over,,,Modeled,,"Source = ILO modelled estimates, November 2021, available in ILOSTAT (https://ilostat.ilo.org/). For the specific sources by country and the estimation methodology refer to ILOSTAT directly.",38.6
2007,,M,,"Source = ILO modelled estimates, November 2021, available in ILOSTAT (https://ilostat.ilo.org/). For the specific sources by country and the estimation methodology refer to ILOSTAT directly.",Employed population below international poverty line [1.1.1],Female,25 years old and over,,,Modeled,,"Source = ILO modelled estimates, November 2021, available in ILOSTAT (https://ilostat.ilo.org/). For the specific sources by country and the estimation methodology refer to ILOSTAT directly.",37.8
2008,,M,,"Source = ILO modelled estimates, November 2021, available in ILOSTAT (https://ilostat.ilo.org/). For the specific sources by country and the estimation methodology refer to ILOSTAT directly.",Employed population below international poverty line [1.1.1],Female,25 years old and over,,,Modeled,,"Source = ILO modelled estimates, November 2021, available in ILOSTAT (https://ilostat.ilo.org/). For the specific sources by country and the estimation methodology refer to ILOSTAT directly.",37.3
2009,,M,,"Source = ILO modelled estimates, November 2021, available in ILOSTAT (https://ilostat.ilo.org/). For the specific sources by country and the estimation methodology refer to ILOSTAT directly.",Employed population below international poverty line [1.1.1],Female,25 years old and over,,,Modeled,,"Source = ILO modelled estimates, November 2021, available in ILOSTAT (https://ilostat.ilo.org/). For the specific sources by country and the estimation methodology refer to ILOSTAT directly.",36.6
2010,,M,,"Source = ILO modelled estimates, November 2021, available in ILOSTAT (https://ilostat.ilo.org/). For the specific sources by country and the estimation methodology refer to ILOSTAT directly.",Employed population below international poverty line [1.1.1],Female,25 years old and over,,,Modeled,,"Source = ILO modelled estimates, November 2021, available in ILOSTAT (https://ilostat.ilo.org/). For the specific sources by country and the estimation methodology refer to ILOSTAT directly.",35.7
2011,,M,,"Source = ILO modelled estimates, November 2021, available in ILOSTAT (https://ilostat.ilo.org/). For the specific sources by country and the estimation methodology refer to ILOSTAT directly.",Employed population below international poverty line [1.1.1],Female,25 years old and over,,,Modeled,,"Source = ILO modelled estimates, November 2021, available in ILOSTAT (https://ilostat.ilo.org/). For the specific sources by country and the estimation methodology refer to ILOSTAT directly.",34.8
2012,,M,,"Source = ILO modelled estimates, November 2021, available in ILOSTAT (https://ilostat.ilo.org/). For the specific sources by country and the estimation methodology refer to ILOSTAT directly.",Employed population below international poverty line [1.1.1],Female,25 years old and over,,,Modeled,,"Source = ILO modelled estimates, November 2021, available in ILOSTAT (https://ilostat.ilo.org/). For the specific sources by country and the estimation methodology refer to ILOSTAT directly.",34.1
2013,,M,,"Source = ILO modelled estimates, November 2021, available in ILOSTAT (https://ilostat.ilo.org/). For the specific sources by country and the estimation methodology refer to ILOSTAT directly.",Employed population below international poverty line [1.1.1],Female,25 years old and over,,,Modeled,,"Source = ILO modelled estimates, November 2021, available in ILOSTAT (https://ilostat.ilo.org/). For the specific sources by country and the estimation methodology refer to ILOSTAT directly.",33.3
2014,,M,,"Source = ILO modelled estimates, November 2021, available in ILOSTAT (https://ilostat.ilo.org/). For the specific sources by country and the estimation methodology refer to ILOSTAT directly.",Employed population below international poverty line [1.1.1],Female,25 years old and over,,,Modeled,,"Source = ILO modelled estimates, November 2021, available in ILOSTAT (https://ilostat.ilo.org/). For the specific sources by country and the estimation methodology refer to ILOSTAT directly.",32.6
2015,,M,,"Source = ILO modelled estimates, November 2021, available in ILOSTAT (https://ilostat.ilo.org/). For the specific sources by country and the estimation methodology refer to ILOSTAT directly.",Employed population below international poverty line [1.1.1],Female,25 years old and over,,,Modeled,,"Source = ILO modelled estimates, November 2021, available in ILOSTAT (https://ilostat.ilo.org/). For the specific sources by country and the estimation methodology refer to ILOSTAT directly.",31.8
2016,,M,,"Source = ILO modelled estimates, November 2021, available in ILOSTAT (https://ilostat.ilo.org/). For the specific sources by country and the estimation methodology refer to ILOSTAT directly.",Employed population below international poverty line [1.1.1],Female,25 years old and over,,,Modeled,,"Source = ILO modelled estimates, November 2021, available in ILOSTAT (https://ilostat.ilo.org/). For the specific sources by country and the estimation methodology refer to ILOSTAT directly.",30.7
2017,,M,,"Source = ILO modelled estimates, November 2021, available in ILOSTAT (https://ilostat.ilo.org/). For the specific sources by country and the estimation methodology refer to ILOSTAT directly.",Employed population below international poverty line [1.1.1],Female,25 years old and over,,,Modeled,,"Source = ILO modelled estimates, November 2021, available in ILOSTAT (https://ilostat.ilo.org/). For the specific sources by country and the estimation methodology refer to ILOSTAT directly.",29.2
2018,,M,,"Source = ILO modelled estimates, November 2021, available in ILOSTAT (https://ilostat.ilo.org/). For the specific sources by country and the estimation methodology refer to ILOSTAT directly.",Employed population below international poverty line [1.1.1],Female,25 years old and over,,,Modeled,,"Source = ILO modelled estimates, November 2021, available in ILOSTAT (https://ilostat.ilo.org/). For the specific sources by country and the estimation methodology refer to ILOSTAT directly.",27.1
2019,,M,,"Source = ILO modelled estimates, November 2021, available in ILOSTAT (https://ilostat.ilo.org/). For the specific sources by country and the estimation methodology refer to ILOSTAT directly.",Employed population below international poverty line [1.1.1],Female,25 years old and over,,,Modeled,,"Source = ILO modelled estimates, November 2021, available in ILOSTAT (https://ilostat.ilo.org/). For the specific sources by country and the estimation methodology refer to ILOSTAT directly.",25.4
2000,,M,,"Source = ILO modelled estimates, November 2021, available in ILOSTAT (https://ilostat.ilo.org/). For the specific sources by country and the estimation methodology refer to ILOSTAT directly.",Employed population below international poverty line [1.1.1],Female,15 to 24 years old,,,Modeled,,"Source = ILO modelled estimates, November 2021, available in ILOSTAT (https://ilostat.ilo.org/). For the specific sources by country and the estimation methodology refer to ILOSTAT directly.",38.2
2001,,M,,"Source = ILO modelled estimates, November 2021, available in ILOSTAT (https://ilostat.ilo.org/). For the specific sources by country and the estimation methodology refer to ILOSTAT directly.",Employed population below international poverty line [1.1.1],Female,15 to 24 years old,,,Modeled,,"Source = ILO modelled estimates, November 2021, available in ILOSTAT (https://ilostat.ilo.org/). For the specific sources by country and the estimation methodology refer to ILOSTAT directly.",39.4
2002,,M,,"Source = ILO modelled estimates, November 2021, available in ILOSTAT (https://ilostat.ilo.org/). For the specific sources by country and the estimation methodology refer to ILOSTAT directly.",Employed population below international poverty line [1.1.1],Female,15 to 24 years old,,,Modeled,,"Source = ILO modelled estimates, November 2021, available in ILOSTAT (https://ilostat.ilo.org/). For the specific sources by country and the estimation methodology refer to ILOSTAT directly.",42.0
2003,,M,,"Source = ILO modelled estimates, November 2021, available in ILOSTAT (https://ilostat.ilo.org/). For the specific sources by country and the estimation methodology refer to ILOSTAT directly.",Employed population below international poverty line [1.1.1],Female,15 to 24 years old,,,Modeled,,"Source = ILO modelled estimates, November 2021, available in ILOSTAT (https://ilostat.ilo.org/). For the specific sources by country and the estimation methodology refer to ILOSTAT directly.",43.6
2004,,M,,"Source = ILO modelled estimates, November 2021, available in ILOSTAT (https://ilostat.ilo.org/). For the specific sources by country and the estimation methodology refer to ILOSTAT directly.",Employed population below international poverty line [1.1.1],Female,15 to 24 years old,,,Modeled,,"Source = ILO modelled estimates, November 2021, available in ILOSTAT (https://ilostat.ilo.org/). For the specific sources by country and the estimation methodology refer to ILOSTAT directly.",44.3
2005,,M,,"Source = ILO modelled estimates, November 2021, available in ILOSTAT (https://ilostat.ilo.org/). For the specific sources by country and the estimation methodology refer to ILOSTAT directly.",Employed population below international poverty line [1.1.1],Female,15 to 24 years old,,,Modeled,,"Source = ILO modelled estimates, November 2021, available in ILOSTAT (https://ilostat.ilo.org/). For the specific sources by country and the estimation methodology refer to ILOSTAT directly.",44.3
2006,,M,,"Source = ILO modelled estimates, November 2021, available in ILOSTAT (https://ilostat.ilo.org/). For the specific sources by country and the estimation methodology refer to ILOSTAT directly.",Employed population below international poverty line [1.1.1],Female,15 to 24 years old,,,Modeled,,"Source = ILO modelled estimates, November 2021, available in ILOSTAT (https://ilostat.ilo.org/). For the specific sources by country and the estimation methodology refer to ILOSTAT directly.",43.9
2007,,M,,"Source = ILO modelled estimates, November 2021, available in ILOSTAT (https://ilostat.ilo.org/). For the specific sources by country and the estimation methodology refer to ILOSTAT directly.",Employed population below international poverty line [1.1.1],Female,15 to 24 years old,,,Modeled,,"Source = ILO modelled estimates, November 2021, available in ILOSTAT (https://ilostat.ilo.org/). For the specific sources by country and the estimation methodology refer to ILOSTAT directly.",43.2
2008,,M,,"Source = ILO modelled estimates, November 2021, available in ILOSTAT (https://ilostat.ilo.org/). For the specific sources by country and the estimation methodology refer to ILOSTAT directly.",Employed population below international poverty line [1.1.1],Female,15 to 24 years old,,,Modeled,,"Source = ILO modelled estimates, November 2021, available in ILOSTAT (https://ilostat.ilo.org/). For the specific sources by country and the estimation methodology refer to ILOSTAT directly.",42.8
2009,,M,,"Source = ILO modelled estimates, November 2021, available in ILOSTAT (https://ilostat.ilo.org/). For the specific sources by country and the estimation methodology refer to ILOSTAT directly.",Employed population below international poverty line [1.1.1],Female,15 to 24 years old,,,Modeled,,"Source = ILO modelled estimates, November 2021, available in ILOSTAT (https://ilostat.ilo.org/). For the specific sources by country and the estimation methodology refer to ILOSTAT directly.",42.3
2010,,M,,"Source = ILO modelled estimates, November 2021, available in ILOSTAT (https://ilostat.ilo.org/). For the specific sources by country and the estimation methodology refer to ILOSTAT directly.",Employed population below international poverty line [1.1.1],Female,15 to 24 years old,,,Modeled,,"Source = ILO modelled estimates, November 2021, available in ILOSTAT (https://ilostat.ilo.org/). For the specific sources by country and the estimation methodology refer to ILOSTAT directly.",41.6
2011,,M,,"Source = ILO modelled estimates, November 2021, available in ILOSTAT (https://ilostat.ilo.org/). For the specific sources by country and the estimation methodology refer to ILOSTAT directly.",Employed population below international poverty line [1.1.1],Female,15 to 24 years old,,,Modeled,,"Source = ILO modelled estimates, November 2021, available in ILOSTAT (https://ilostat.ilo.org/). For the specific sources by country and the estimation methodology refer to ILOSTAT directly.",40.9
2012,,M,,"Source = ILO modelled estimates, November 2021, available in ILOSTAT (https://ilostat.ilo.org/). For the specific sources by country and the estimation methodology refer to ILOSTAT directly.",Employed population below international poverty line [1.1.1],Female,15 to 24 years old,,,Modeled,,"Source = ILO modelled estimates, November 2021, available in ILOSTAT (https://ilostat.ilo.org/). For the specific sources by country and the estimation methodology refer to ILOSTAT directly.",40.4
2013,,M,,"Source = ILO modelled estimates, November 2021, available in ILOSTAT (https://ilostat.ilo.org/). For the specific sources by country and the estimation methodology refer to ILOSTAT directly.",Employed population below international poverty line [1.1.1],Female,15 to 24 years old,,,Modeled,,"Source = ILO modelled estimates, November 2021, available in ILOSTAT (https://ilostat.ilo.org/). For the specific sources by country and the estimation methodology refer to ILOSTAT directly.",39.8
2014,,M,,"Source = ILO modelled estimates, November 2021, available in ILOSTAT (https://ilostat.ilo.org/). For the specific sources by country and the estimation methodology refer to ILOSTAT directly.",Employed population below international poverty line [1.1.1],Female,15 to 24 years old,,,Modeled,,"Source = ILO modelled estimates, November 2021, available in ILOSTAT (https://ilostat.ilo.org/). For the specific sources by country and the estimation methodology refer to ILOSTAT directly.",39.2
2015,,M,,"Source = ILO modelled estimates, November 2021, available in ILOSTAT (https://ilostat.ilo.org/). For the specific sources by country and the estimation methodology refer to ILOSTAT directly.",Employed population below international poverty line [1.1.1],Female,15 to 24 years old,,,Modeled,,"Source = ILO modelled estimates, November 2021, available in ILOSTAT (https://ilostat.ilo.org/). For the specific sources by country and the estimation methodology refer to ILOSTAT directly.",38.6
2016,,M,,"Source = ILO modelled estimates, November 2021, available in ILOSTAT (https://ilostat.ilo.org/). For the specific sources by country and the estimation methodology refer to ILOSTAT directly.",Employed population below international poverty line [1.1.1],Female,15 to 24 years old,,,Modeled,,"Source = ILO modelled estimates, November 2021, available in ILOSTAT (https://ilostat.ilo.org/). For the specific sources by country and the estimation methodology refer to ILOSTAT directly.",37.6
2017,,M,,"Source = ILO modelled estimates, November 2021, available in ILOSTAT (https://ilostat.ilo.org/). For the specific sources by country and the estimation methodology refer to ILOSTAT directly.",Employed population below international poverty line [1.1.1],Female,15 to 24 years old,,,Modeled,,"Source = ILO modelled estimates, November 2021, available in ILOSTAT (https://ilostat.ilo.org/). For the specific sources by country and the estimation methodology refer to ILOSTAT directly.",36.4
2018,,M,,"Source = ILO modelled estimates, November 2021, available in ILOSTAT (https://ilostat.ilo.org/). For the specific sources by country and the estimation methodology refer to ILOSTAT directly.",Employed population below international poverty line [1.1.1],Female,15 to 24 years old,,,Modeled,,"Source = ILO modelled estimates, November 2021, available in ILOSTAT (https://ilostat.ilo.org/). For the specific sources by country and the estimation methodology refer to ILOSTAT directly.",34.4
2019,,M,,"Source = ILO modelled estimates, November 2021, available in ILOSTAT (https://ilostat.ilo.org/). For the specific sources by country and the estimation methodology refer to ILOSTAT directly.",Employed population below international poverty line [1.1.1],Female,15 to 24 years old,,,Modeled,,"Source = ILO modelled estimates, November 2021, available in ILOSTAT (https://ilostat.ilo.org/). For the specific sources by country and the estimation methodology refer to ILOSTAT directly.",33.0
2000,,M,,"Source = ILO modelled estimates, November 2021, available in ILOSTAT (https://ilostat.ilo.org/). For the specific sources by country and the estimation methodology refer to ILOSTAT directly.",Employed population below international poverty line [1.1.1],Male,15 years old and over,,,Modeled,,"Source = ILO modelled estimates, November 2021, available in ILOSTAT (https://ilostat.ilo.org/). For the specific sources by country and the estimation methodology refer to ILOSTAT directly.",32.9
2001,,M,,"Source = ILO modelled estimates, November 2021, available in ILOSTAT (https://ilostat.ilo.org/). For the specific sources by country and the estimation methodology refer to ILOSTAT directly.",Employed population below international poverty line [1.1.1],Male,15 years old and over,,,Modeled,,"Source = ILO modelled estimates, November 2021, available in ILOSTAT (https://ilostat.ilo.org/). For the specific sources by country and the estimation methodology refer to ILOSTAT directly.",33.9
2002,,M,,"Source = ILO modelled estimates, November 2021, available in ILOSTAT (https://ilostat.ilo.org/). For the specific sources by country and the estimation methodology refer to ILOSTAT directly.",Employed population below international poverty line [1.1.1],Male,15 years old and over,,,Modeled,,"Source = ILO modelled estimates, November 2021, available in ILOSTAT (https://ilostat.ilo.org/). For the specific sources by country and the estimation methodology refer to ILOSTAT directly.",36.4
2003,,M,,"Source = ILO modelled estimates, November 2021, available in ILOSTAT (https://ilostat.ilo.org/). For the specific sources by country and the estimation methodology refer to ILOSTAT directly.",Employed population below international poverty line [1.1.1],Male,15 years old and over,,,Modeled,,"Source = ILO modelled estimates, November 2021, available in ILOSTAT (https://ilostat.ilo.org/). For the specific sources by country and the estimation methodology refer to ILOSTAT directly.",37.9
2004,,M,,"Source = ILO modelled estimates, November 2021, available in ILOSTAT (https://ilostat.ilo.org/). For the specific sources by country and the estimation methodology refer to ILOSTAT directly.",Employed population below international poverty line [1.1.1],Male,15 years old and over,,,Modeled,,"Source = ILO modelled estimates, November 2021, available in ILOSTAT (https://ilostat.ilo.org/). For the specific sources by country and the estimation methodology refer to ILOSTAT directly.",38.5
2005,,M,,"Source = ILO modelled estimates, November 2021, available in ILOSTAT (https://ilostat.ilo.org/). For the specific sources by country and the estimation methodology refer to ILOSTAT directly.",Employed population below international poverty line [1.1.1],Male,15 years old and over,,,Modeled,,"Source = ILO modelled estimates, November 2021, available in ILOSTAT (https://ilostat.ilo.org/). For the specific sources by country and the estimation methodology refer to ILOSTAT directly.",38.5
2006,,M,,"Source = ILO modelled estimates, November 2021, available in ILOSTAT (https://ilostat.ilo.org/). For the specific sources by country and the estimation methodology refer to ILOSTAT directly.",Employed population below international poverty line [1.1.1],Male,15 years old and over,,,Modeled,,"Source = ILO modelled estimates, November 2021, available in ILOSTAT (https://ilostat.ilo.org/). For the specific sources by country and the estimation methodology refer to ILOSTAT directly.",38.0
2007,,M,,"Source = ILO modelled estimates, November 2021, available in ILOSTAT (https://ilostat.ilo.org/). For the specific sources by country and the estimation methodology refer to ILOSTAT directly.",Employed population below international poverty line [1.1.1],Male,15 years old and over,,,Modeled,,"Source = ILO modelled estimates, November 2021, available in ILOSTAT (https://ilostat.ilo.org/). For the specific sources by country and the estimation methodology refer to ILOSTAT directly.",37.2
2008,,M,,"Source = ILO modelled estimates, November 2021, available in ILOSTAT (https://ilostat.ilo.org/). For the specific sources by country and the estimation methodology refer to ILOSTAT directly.",Employed population below international poverty line [1.1.1],Male,15 years old and over,,,Modeled,,"Source = ILO modelled estimates, November 2021, available in ILOSTAT (https://ilostat.ilo.org/). For the specific sources by country and the estimation methodology refer to ILOSTAT directly.",36.7
2009,,M,,"Source = ILO modelled estimates, November 2021, available in ILOSTAT (https://ilostat.ilo.org/). For the specific sources by country and the estimation methodology refer to ILOSTAT directly.",Employed population below international poverty line [1.1.1],Male,15 years old and over,,,Modeled,,"Source = ILO modelled estimates, November 2021, available in ILOSTAT (https://ilostat.ilo.org/). For the specific sources by country and the estimation methodology refer to ILOSTAT directly.",36.1
2010,,M,,"Source = ILO modelled estimates, November 2021, available in ILOSTAT (https://ilostat.ilo.org/). For the specific sources by country and the estimation methodology refer to ILOSTAT directly.",Employed population below international poverty line [1.1.1],Male,15 years old and over,,,Modeled,,"Source = ILO modelled estimates, November 2021, available in ILOSTAT (https://ilostat.ilo.org/). For the specific sources by country and the estimation methodology refer to ILOSTAT directly.",35.3
2011,,M,,"Source = ILO modelled estimates, November 2021, available in ILOSTAT (https://ilostat.ilo.org/). For the specific sources by country and the estimation methodology refer to ILOSTAT directly.",Employed population below international poverty line [1.1.1],Male,15 years old and over,,,Modeled,,"Source = ILO modelled estimates, November 2021, available in ILOSTAT (https://ilostat.ilo.org/). For the specific sources by country and the estimation methodology refer to ILOSTAT directly.",34.5
2012,,M,,"Source = ILO modelled estimates, November 2021, available in ILOSTAT (https://ilostat.ilo.org/). For the specific sources by country and the estimation methodology refer to ILOSTAT directly.",Employed population below international poverty line [1.1.1],Male,15 years old and over,,,Modeled,,"Source = ILO modelled estimates, November 2021, available in ILOSTAT (https://ilostat.ilo.org/). For the specific sources by country and the estimation methodology refer to ILOSTAT directly.",33.9
2013,,M,,"Source = ILO modelled estimates, November 2021, available in ILOSTAT (https://ilostat.ilo.org/). For the specific sources by country and the estimation methodology refer to ILOSTAT directly.",Employed population below international poverty line [1.1.1],Male,15 years old and over,,,Modeled,,"Source = ILO modelled estimates, November 2021, available in ILOSTAT (https://ilostat.ilo.org/). For the specific sources by country and the estimation methodology refer to ILOSTAT directly.",33.1
2014,,M,,"Source = ILO modelled estimates, November 2021, available in ILOSTAT (https://ilostat.ilo.org/). For the specific sources by country and the estimation methodology refer to ILOSTAT directly.",Employed population below international poverty line [1.1.1],Male,15 years old and over,,,Modeled,,"Source = ILO modelled estimates, November 2021, available in ILOSTAT (https://ilostat.ilo.org/). For the specific sources by country and the estimation methodology refer to ILOSTAT directly.",32.5
2015,,M,,"Source = ILO modelled estimates, November 2021, available in ILOSTAT (https://ilostat.ilo.org/). For the specific sources by country and the estimation methodology refer to ILOSTAT directly.",Employed population below international poverty line [1.1.1],Male,15 years old and over,,,Modeled,,"Source = ILO modelled estimates, November 2021, available in ILOSTAT (https://ilostat.ilo.org/). For the specific sources by country and the estimation methodology refer to ILOSTAT directly.",31.8
2016,,M,,"Source = ILO modelled estimates, November 2021, available in ILOSTAT (https://ilostat.ilo.org/). For the specific sources by country and the estimation methodology refer to ILOSTAT directly.",Employed population below international poverty line [1.1.1],Male,15 years old and over,,,Modeled,,"Source = ILO modelled estimates, November 2021, available in ILOSTAT (https://ilostat.ilo.org/). For the specific sources by country and the estimation methodology refer to ILOSTAT directly.",30.8
2017,,M,,"Source = ILO modelled estimates, November 2021, available in ILOSTAT (https://ilostat.ilo.org/). For the specific sources by country and the estimation methodology refer to ILOSTAT directly.",Employed population below international poverty line [1.1.1],Male,15 years old and over,,,Modeled,,"Source = ILO modelled estimates, November 2021, available in ILOSTAT (https://ilostat.ilo.org/). For the specific sources by country and the estimation methodology refer to ILOSTAT directly.",29.5
2018,,M,,"Source = ILO modelled estimates, November 2021, available in ILOSTAT (https://ilostat.ilo.org/). For the specific sources by country and the estimation methodology refer to ILOSTAT directly.",Employed population below international poverty line [1.1.1],Male,15 years old and over,,,Modeled,,"Source = ILO modelled estimates, November 2021, available in ILOSTAT (https://ilostat.ilo.org/). For the specific sources by country and the estimation methodology refer to ILOSTAT directly.",27.6
2019,,M,,"Source = ILO modelled estimates, November 2021, available in ILOSTAT (https://ilostat.ilo.org/). For the specific sources by country and the estimation methodology refer to ILOSTAT directly.",Employed population below international poverty line [1.1.1],Male,15 years old and over,,,Modeled,,"Source = ILO modelled estimates, November 2021, available in ILOSTAT (https://ilostat.ilo.org/). For the specific sources by country and the estimation methodology refer to ILOSTAT directly.",26.0
2000,,M,,"Source = ILO modelled estimates, November 2021, available in ILOSTAT (https://ilostat.ilo.org/). For the specific sources by country and the estimation methodology refer to ILOSTAT directly.",Employed population below international poverty line [1.1.1],Male,25 years old and over,,,Modeled,,"Source = ILO modelled estimates, November 2021, available in ILOSTAT (https://ilostat.ilo.org/). For the specific sources by country and the estimation methodology refer to ILOSTAT directly.",29.9
2001,,M,,"Source = ILO modelled estimates, November 2021, available in ILOSTAT (https://ilostat.ilo.org/). For the specific sources by country and the estimation methodology refer to ILOSTAT directly.",Employed population below international poverty line [1.1.1],Male,25 years old and over,,,Modeled,,"Source = ILO modelled estimates, November 2021, available in ILOSTAT (https://ilostat.ilo.org/). For the specific sources by country and the estimation methodology refer to ILOSTAT directly.",31.0
2002,,M,,"Source = ILO modelled estimates, November 2021, available in ILOSTAT (https://ilostat.ilo.org/). For the specific sources by country and the estimation methodology refer to ILOSTAT directly.",Employed population below international poverty line [1.1.1],Male,25 years old and over,,,Modeled,,"Source = ILO modelled estimates, November 2021, available in ILOSTAT (https://ilostat.ilo.org/). For the specific sources by country and the estimation methodology refer to ILOSTAT directly.",33.6
2003,,M,,"Source = ILO modelled estimates, November 2021, available in ILOSTAT (https://ilostat.ilo.org/). For the specific sources by country and the estimation methodology refer to ILOSTAT directly.",Employed population below international poverty line [1.1.1],Male,25 years old and over,,,Modeled,,"Source = ILO modelled estimates, November 2021, available in ILOSTAT (https://ilostat.ilo.org/). For the specific sources by country and the estimation methodology refer to ILOSTAT directly.",35.1
2004,,M,,"Source = ILO modelled estimates, November 2021, available in ILOSTAT (https://ilostat.ilo.org/). For the specific sources by country and the estimation methodology refer to ILOSTAT directly.",Employed population below international poverty line [1.1.1],Male,25 years old and over,,,Modeled,,"Source = ILO modelled estimates, November 2021, available in ILOSTAT (https://ilostat.ilo.org/). For the specific sources by country and the estimation methodology refer to ILOSTAT directly.",35.7
2005,,M,,"Source = ILO modelled estimates, November 2021, available in ILOSTAT (https://ilostat.ilo.org/). For the specific sources by country and the estimation methodology refer to ILOSTAT directly.",Employed population below international poverty line [1.1.1],Male,25 years old and over,,,Modeled,,"Source = ILO modelled estimates, November 2021, available in ILOSTAT (https://ilostat.ilo.org/). For the specific sources by country and the estimation methodology refer to ILOSTAT directly.",35.8
2006,,M,,"Source = ILO modelled estimates, November 2021, available in ILOSTAT (https://ilostat.ilo.org/). For the specific sources by country and the estimation methodology refer to ILOSTAT directly.",Employed population below international poverty line [1.1.1],Male,25 years old and over,,,Modeled,,"Source = ILO modelled estimates, November 2021, available in ILOSTAT (https://ilostat.ilo.org/). For the specific sources by country and the estimation methodology refer to ILOSTAT directly.",35.3
2007,,M,,"Source = ILO modelled estimates, November 2021, available in ILOSTAT (https://ilostat.ilo.org/). For the specific sources by country and the estimation methodology refer to ILOSTAT directly.",Employed population below international poverty line [1.1.1],Male,25 years old and over,,,Modeled,,"Source = ILO modelled estimates, November 2021, available in ILOSTAT (https://ilostat.ilo.org/). For the specific sources by country and the estimation methodology refer to ILOSTAT directly.",34.5
2008,,M,,"Source = ILO modelled estimates, November 2021, available in ILOSTAT (https://ilostat.ilo.org/). For the specific sources by country and the estimation methodology refer to ILOSTAT directly.",Employed population below international poverty line [1.1.1],Male,25 years old and over,,,Modeled,,"Source = ILO modelled estimates, November 2021, available in ILOSTAT (https://ilostat.ilo.org/). For the specific sources by country and the estimation methodology refer to ILOSTAT directly.",34.1
2009,,M,,"Source = ILO modelled estimates, November 2021, available in ILOSTAT (https://ilostat.ilo.org/). For the specific sources by country and the estimation methodology refer to ILOSTAT directly.",Employed population below international poverty line [1.1.1],Male,25 years old and over,,,Modeled,,"Source = ILO modelled estimates, November 2021, available in ILOSTAT (https://ilostat.ilo.org/). For the specific sources by country and the estimation methodology refer to ILOSTAT directly.",33.5
2010,,M,,"Source = ILO modelled estimates, November 2021, available in ILOSTAT (https://ilostat.ilo.org/). For the specific sources by country and the estimation methodology refer to ILOSTAT directly.",Employed population below international poverty line [1.1.1],Male,25 years old and over,,,Modeled,,"Source = ILO modelled estimates, November 2021, available in ILOSTAT (https://ilostat.ilo.org/). For the specific sources by country and the estimation methodology refer to ILOSTAT directly.",32.7
2011,,M,,"Source = ILO modelled estimates, November 2021, available in ILOSTAT (https://ilostat.ilo.org/). For the specific sources by country and the estimation methodology refer to ILOSTAT directly.",Employed population below international poverty line [1.1.1],Male,25 years old and over,,,Modeled,,"Source = ILO modelled estimates, November 2021, available in ILOSTAT (https://ilostat.ilo.org/). For the specific sources by country and the estimation methodology refer to ILOSTAT directly.",32.0
2012,,M,,"Source = ILO modelled estimates, November 2021, available in ILOSTAT (https://ilostat.ilo.org/). For the specific sources by country and the estimation methodology refer to ILOSTAT directly.",Employed population below international poverty line [1.1.1],Male,25 years old and over,,,Modeled,,"Source = ILO modelled estimates, November 2021, available in ILOSTAT (https://ilostat.ilo.org/). For the specific sources by country and the estimation methodology refer to ILOSTAT directly.",31.4
2013,,M,,"Source = ILO modelled estimates, November 2021, available in ILOSTAT (https://ilostat.ilo.org/). For the specific sources by country and the estimation methodology refer to ILOSTAT directly.",Employed population below international poverty line [1.1.1],Male,25 years old and over,,,Modeled,,"Source = ILO modelled estimates, November 2021, available in ILOSTAT (https://ilostat.ilo.org/). For the specific sources by country and the estimation methodology refer to ILOSTAT directly.",30.7
2014,,M,,"Source = ILO modelled estimates, November 2021, available in ILOSTAT (https://ilostat.ilo.org/). For the specific sources by country and the estimation methodology refer to ILOSTAT directly.",Employed population below international poverty line [1.1.1],Male,25 years old and over,,,Modeled,,"Source = ILO modelled estimates, November 2021, available in ILOSTAT (https://ilostat.ilo.org/). For the specific sources by country and the estimation methodology refer to ILOSTAT directly.",30.1
2015,,M,,"Source = ILO modelled estimates, November 2021, available in ILOSTAT (https://ilostat.ilo.org/). For the specific sources by country and the estimation methodology refer to ILOSTAT directly.",Employed population below international poverty line [1.1.1],Male,25 years old and over,,,Modeled,,"Source = ILO modelled estimates, November 2021, available in ILOSTAT (https://ilostat.ilo.org/). For the specific sources by country and the estimation methodology refer to ILOSTAT directly.",29.4
2016,,M,,"Source = ILO modelled estimates, November 2021, available in ILOSTAT (https://ilostat.ilo.org/). For the specific sources by country and the estimation methodology refer to ILOSTAT directly.",Employed population below international poverty line [1.1.1],Male,25 years old and over,,,Modeled,,"Source = ILO modelled estimates, November 2021, available in ILOSTAT (https://ilostat.ilo.org/). For the specific sources by country and the estimation methodology refer to ILOSTAT directly.",28.4
2017,,M,,"Source = ILO modelled estimates, November 2021, available in ILOSTAT (https://ilostat.ilo.org/). For the specific sources by country and the estimation methodology refer to ILOSTAT directly.",Employed population below international poverty line [1.1.1],Male,25 years old and over,,,Modeled,,"Source = ILO modelled estimates, November 2021, available in ILOSTAT (https://ilostat.ilo.org/). For the specific sources by country and the estimation methodology refer to ILOSTAT directly.",27.1
2018,,M,,"Source = ILO modelled estimates, November 2021, available in ILOSTAT (https://ilostat.ilo.org/). For the specific sources by country and the estimation methodology refer to ILOSTAT directly.",Employed population below international poverty line [1.1.1],Male,25 years old and over,,,Modeled,,"Source = ILO modelled estimates, November 2021, available in ILOSTAT (https://ilostat.ilo.org/). For the specific sources by country and the estimation methodology refer to ILOSTAT directly.",25.3
2019,,M,,"Source = ILO modelled estimates, November 2021, available in ILOSTAT (https://ilostat.ilo.org/). For the specific sources by country and the estimation methodology refer to ILOSTAT directly.",Employed population below international poverty line [1.1.1],Male,25 years old and over,,,Modeled,,"Source = ILO modelled estimates, November 2021, available in ILOSTAT (https://ilostat.ilo.org/). For the specific sources by country and the estimation methodology refer to ILOSTAT directly.",23.8
2000,,M,,"Source = ILO modelled estimates, November 2021, available in ILOSTAT (https://ilostat.ilo.org/). For the specific sources by country and the estimation methodology refer to ILOSTAT directly.",Employed population below international poverty line [1.1.1],Male,15 to 24 years old,,,Modeled,,"Source = ILO modelled estimates, November 2021, available in ILOSTAT (https://ilostat.ilo.org/). For the specific sources by country and the estimation methodology refer to ILOSTAT directly.",41.6
2001,,M,,"Source = ILO modelled estimates, November 2021, available in ILOSTAT (https://ilostat.ilo.org/). For the specific sources by country and the estimation methodology refer to ILOSTAT directly.",Employed population below international poverty line [1.1.1],Male,15 to 24 years old,,,Modeled,,"Source = ILO modelled estimates, November 2021, available in ILOSTAT (https://ilostat.ilo.org/). For the specific sources by country and the estimation methodology refer to ILOSTAT directly.",42.6
2002,,M,,"Source = ILO modelled estimates, November 2021, available in ILOSTAT (https://ilostat.ilo.org/). For the specific sources by country and the estimation methodology refer to ILOSTAT directly.",Employed population below international poverty line [1.1.1],Male,15 to 24 years old,,,Modeled,,"Source = ILO modelled estimates, November 2021, available in ILOSTAT (https://ilostat.ilo.org/). For the specific sources by country and the estimation methodology refer to ILOSTAT directly.",45.1
2003,,M,,"Source = ILO modelled estimates, November 2021, available in ILOSTAT (https://ilostat.ilo.org/). For the specific sources by country and the estimation methodology refer to ILOSTAT directly.",Employed population below international poverty line [1.1.1],Male,15 to 24 years old,,,Modeled,,"Source = ILO modelled estimates, November 2021, available in ILOSTAT (https://ilostat.ilo.org/). For the specific sources by country and the estimation methodology refer to ILOSTAT directly.",46.5
2004,,M,,"Source = ILO modelled estimates, November 2021, available in ILOSTAT (https://ilostat.ilo.org/). For the specific sources by country and the estimation methodology refer to ILOSTAT directly.",Employed population below international poverty line [1.1.1],Male,15 to 24 years old,,,Modeled,,"Source = ILO modelled estimates, November 2021, available in ILOSTAT (https://ilostat.ilo.org/). For the specific sources by country and the estimation methodology refer to ILOSTAT directly.",47.1
2005,,M,,"Source = ILO modelled estimates, November 2021, available in ILOSTAT (https://ilostat.ilo.org/). For the specific sources by country and the estimation methodology refer to ILOSTAT directly.",Employed population below international poverty line [1.1.1],Male,15 to 24 years old,,,Modeled,,"Source = ILO modelled estimates, November 2021, available in ILOSTAT (https://ilostat.ilo.org/). For the specific sources by country and the estimation methodology refer to ILOSTAT directly.",47.2
2006,,M,,"Source = ILO modelled estimates, November 2021, available in ILOSTAT (https://ilostat.ilo.org/). For the specific sources by country and the estimation methodology refer to ILOSTAT directly.",Employed population below international poverty line [1.1.1],Male,15 to 24 years old,,,Modeled,,"Source = ILO modelled estimates, November 2021, available in ILOSTAT (https://ilostat.ilo.org/). For the specific sources by country and the estimation methodology refer to ILOSTAT directly.",46.7
2007,,M,,"Source = ILO modelled estimates, November 2021, available in ILOSTAT (https://ilostat.ilo.org/). For the specific sources by country and the estimation methodology refer to ILOSTAT directly.",Employed population below international poverty line [1.1.1],Male,15 to 24 years old,,,Modeled,,"Source = ILO modelled estimates, November 2021, available in ILOSTAT (https://ilostat.ilo.org/). For the specific sources by country and the estimation methodology refer to ILOSTAT directly.",46.0
2008,,M,,"Source = ILO modelled estimates, November 2021, available in ILOSTAT (https://ilostat.ilo.org/). For the specific sources by country and the estimation methodology refer to ILOSTAT directly.",Employed population below international poverty line [1.1.1],Male,15 to 24 years old,,,Modeled,,"Source = ILO modelled estimates, November 2021, available in ILOSTAT (https://ilostat.ilo.org/). For the specific sources by country and the estimation methodology refer to ILOSTAT directly.",45.7
2009,,M,,"Source = ILO modelled estimates, November 2021, available in ILOSTAT (https://ilostat.ilo.org/). For the specific sources by country and the estimation methodology refer to ILOSTAT directly.",Employed population below international poverty line [1.1.1],Male,15 to 24 years old,,,Modeled,,"Source = ILO modelled estimates, November 2021, available in ILOSTAT (https://ilostat.ilo.org/). For the specific sources by country and the estimation methodology refer to ILOSTAT directly.",45.2
2010,,M,,"Source = ILO modelled estimates, November 2021, available in ILOSTAT (https://ilostat.ilo.org/). For the specific sources by country and the estimation methodology refer to ILOSTAT directly.",Employed population below international poverty line [1.1.1],Male,15 to 24 years old,,,Modeled,,"Source = ILO modelled estimates, November 2021, available in ILOSTAT (https://ilostat.ilo.org/). For the specific sources by country and the estimation methodology refer to ILOSTAT directly.",44.4
2011,,M,,"Source = ILO modelled estimates, November 2021, available in ILOSTAT (https://ilostat.ilo.org/). For the specific sources by country and the estimation methodology refer to ILOSTAT directly.",Employed population below international poverty line [1.1.1],Male,15 to 24 years old,,,Modeled,,"Source = ILO modelled estimates, November 2021, available in ILOSTAT (https://ilostat.ilo.org/). For the specific sources by country and the estimation methodology refer to ILOSTAT directly.",43.7
2012,,M,,"Source = ILO modelled estimates, November 2021, available in ILOSTAT (https://ilostat.ilo.org/). For the specific sources by country and the estimation methodology refer to ILOSTAT directly.",Employed population below international poverty line [1.1.1],Male,15 to 24 years old,,,Modeled,,"Source = ILO modelled estimates, November 2021, available in ILOSTAT (https://ilostat.ilo.org/). For the specific sources by country and the estimation methodology refer to ILOSTAT directly.",43.2
2013,,M,,"Source = ILO modelled estimates, November 2021, available in ILOSTAT (https://ilostat.ilo.org/). For the specific sources by country and the estimation methodology refer to ILOSTAT directly.",Employed population below international poverty line [1.1.1],Male,15 to 24 years old,,,Modeled,,"Source = ILO modelled estimates, November 2021, available in ILOSTAT (https://ilostat.ilo.org/). For the specific sources by country and the estimation methodology refer to ILOSTAT directly.",42.5
2014,,M,,"Source = ILO modelled estimates, November 2021, available in ILOSTAT (https://ilostat.ilo.org/). For the specific sources by country and the estimation methodology refer to ILOSTAT directly.",Employed population below international poverty line [1.1.1],Male,15 to 24 years old,,,Modeled,,"Source = ILO modelled estimates, November 2021, available in ILOSTAT (https://ilostat.ilo.org/). For the specific sources by country and the estimation methodology refer to ILOSTAT directly.",41.9
2015,,M,,"Source = ILO modelled estimates, November 2021, available in ILOSTAT (https://ilostat.ilo.org/). For the specific sources by country and the estimation methodology refer to ILOSTAT directly.",Employed population below international poverty line [1.1.1],Male,15 to 24 years old,,,Modeled,,"Source = ILO modelled estimates, November 2021, available in ILOSTAT (https://ilostat.ilo.org/). For the specific sources by country and the estimation methodology refer to ILOSTAT directly.",41.3
2016,,M,,"Source = ILO modelled estimates, November 2021, available in ILOSTAT (https://ilostat.ilo.org/). For the specific sources by country and the estimation methodology refer to ILOSTAT directly.",Employed population below international poverty line [1.1.1],Male,15 to 24 years old,,,Modeled,,"Source = ILO modelled estimates, November 2021, available in ILOSTAT (https://ilostat.ilo.org/). For the specific sources by country and the estimation methodology refer to ILOSTAT directly.",40.3
2017,,M,,"Source = ILO modelled estimates, November 2021, available in ILOSTAT (https://ilostat.ilo.org/). For the specific sources by country and the estimation methodology refer to ILOSTAT directly.",Employed population below international poverty line [1.1.1],Male,15 to 24 years old,,,Modeled,,"Source = ILO modelled estimates, November 2021, available in ILOSTAT (https://ilostat.ilo.org/). For the specific sources by country and the estimation methodology refer to ILOSTAT directly.",39.2
2018,,M,,"Source = ILO modelled estimates, November 2021, available in ILOSTAT (https://ilostat.ilo.org/). For the specific sources by country and the estimation methodology refer to ILOSTAT directly.",Employed population below international poverty line [1.1.1],Male,15 to 24 years old,,,Modeled,,"Source = ILO modelled estimates, November 2021, available in ILOSTAT (https://ilostat.ilo.org/). For the specific sources by country and the estimation methodology refer to ILOSTAT directly.",37.5
2019,,M,,"Source = ILO modelled estimates, November 2021, available in ILOSTAT (https://ilostat.ilo.org/). For the specific sources by country and the estimation methodology refer to ILOSTAT directly.",Employed population below international poverty line [1.1.1],Male,15 to 24 years old,,,Modeled,,"Source = ILO modelled estimates, November 2021, available in ILOSTAT (https://ilostat.ilo.org/). For the specific sources by country and the estimation methodology refer to ILOSTAT directly.",36.1
