Year,COMMENT_OBS,SDG Series,Sex,Observation-level footnotes,Value
2015,Total population is restricted to household head and wife due to data limitations.,Proportion of people with legally recognized documentation of their rights to land out of total adult population [1.4.2],,Total population is restricted to household head and wife due to data limitations.,21.4
2015,Documented rights are issued either indivdiually or jointly. Total population is restricted to household head and wife due to data limitations.,Proportion of people with legally recognized documentation of their rights to land out of total adult population [1.4.2],Female,Documented rights are issued either indivdiually or jointly. Total population is restricted to household head and wife due to data limitations.,8.2
2015,Total population is restricted to household head and wife due to data limitations.,Proportion of people with secure tenure rights to land out of total adult population [1.4.2],,Total population is restricted to household head and wife due to data limitations.,72.8
2015,Total population is restricted to household head and wife due to data limitations.,Proportion of people with secure tenure rights to land out of total adult population [1.4.2],Female,Total population is restricted to household head and wife due to data limitations.,65.4
