Year,SDG Series,Unit of measure,Value
2017,"Number of local governments that adopt and implement local DRR strategies in line with national strategies [1.5.4, 11.b.2, 13.1.3]",Number,60.0
2018,"Number of local governments that adopt and implement local DRR strategies in line with national strategies [1.5.4, 11.b.2, 13.1.3]",Number,65.0
2019,"Number of local governments that adopt and implement local DRR strategies in line with national strategies [1.5.4, 11.b.2, 13.1.3]",Number,65.0
2017,"Proportion of local governments that adopt and implement local disaster risk reduction strategies in line with national disaster risk reduction strategies [1.5.4, 11.b.2, 13.1.3]",Percent,83.33333
2018,"Proportion of local governments that adopt and implement local disaster risk reduction strategies in line with national disaster risk reduction strategies [1.5.4, 11.b.2, 13.1.3]",Percent,90.27778
2019,"Proportion of local governments that adopt and implement local disaster risk reduction strategies in line with national disaster risk reduction strategies [1.5.4, 11.b.2, 13.1.3]",Percent,90.27778
2017,"Number of local governments [1.5.4, 11.b.2, 13.1.3]",Number,72.0
2018,"Number of local governments [1.5.4, 11.b.2, 13.1.3]",Number,72.0
2019,"Number of local governments [1.5.4, 11.b.2, 13.1.3]",Number,72.0
