Year,SDG Series,Value
2016,Proportion of project objectives in new development interventions drawn from country-led result frameworks - data by recipient [17.15.1],70.6
2018,Proportion of project objectives in new development interventions drawn from country-led result frameworks - data by recipient [17.15.1],98.95833
2016,Proportion of results indicators drawn from country-led results frameworks - data by recipient (%) [17.15.1],60.2
2018,Proportion of results indicators drawn from country-led results frameworks - data by recipient (%) [17.15.1],47.30073
2016,Proportion of results indicators which will be monitored using government sources and monitoring systems - data by recipient (%) [17.15.1],49.4
2018,Proportion of results indicators which will be monitored using government sources and monitoring systems - data by recipient (%) [17.15.1],44.03369
2016,Extent of use of country-owned results frameworks and planning tools by providers of development cooperation - data by recipient (%)  [17.15.1],60.06667
2018,Extent of use of country-owned results frameworks and planning tools by providers of development cooperation - data by recipient (%)  [17.15.1],63.43092
