Year,SDG Series,Value
2018,"Legal frameworks that promote, enforce and monitor gender equality (percentage of achievement, 0 - 100) -- Area 3: employment and economic benefits. [5.1.1]",90.0
2020,"Legal frameworks that promote, enforce and monitor gender equality (percentage of achievement, 0 - 100) -- Area 3: employment and economic benefits. [5.1.1]",90.0
2018,"Legal frameworks that promote, enforce and monitor gender equality (percentage of achievement, 0 - 100) -- Area 1: overarching legal frameworks and public life. [5.1.1]",83.33334
2020,"Legal frameworks that promote, enforce and monitor gender equality (percentage of achievement, 0 - 100) -- Area 1: overarching legal frameworks and public life. [5.1.1]",83.33334
2018,"Legal frameworks that promote, enforce and monitor gender equality (percentage of achievement, 0 - 100) -- Area 4: marriage and family. [5.1.1]",100.0
2020,"Legal frameworks that promote, enforce and monitor gender equality (percentage of achievement, 0 - 100) -- Area 4: marriage and family. [5.1.1]",100.0
2018,"Legal frameworks that promote, enforce and monitor gender equality (percentage of achievement, 0 - 100) -- Area 2: violence against women. [5.1.1]",66.66666
2020,"Legal frameworks that promote, enforce and monitor gender equality (percentage of achievement, 0 - 100) -- Area 2: violence against women. [5.1.1]",66.66666
