Year,SDG Series,Value
2014,"Proportion of women who make their own informed decisions regarding sexual relations, contraceptive use and reproductive health care (% of women aged 15-49 years) [5.6.1]",56.0
2014,Proportion of women who make their own informed decisions regarding contraceptive use (% of women aged 15-49 years) [5.6.1],89.4
2014,Proportion of women who make their own informed decisions regarding reproductive health care (% of women aged 15-49 years) [5.6.1],80.5
2014,Proportion of women who make their own informed decisions regarding sexual relations (% of women aged 15-49 years) [5.6.1],77.2
