Year,NATURE,SOURCE_DETAIL,SDG Series,Composite breakdown,Unit of measure,Nature of data points,Source details,COMMENT_OBS,Observation-level footnotes,Value
2017,C,ICAO,Freight volume (tonne kilometres) [9.1.2],Mode of Transport: Air,Tonne kilometres,Country Data,ICAO,,,275512277
2018,C,ICAO,Freight volume (tonne kilometres) [9.1.2],Mode of Transport: Air,Tonne kilometres,Country Data,ICAO,,,295047760
2019,C,ICAO,Freight volume (tonne kilometres) [9.1.2],Mode of Transport: Air,Tonne kilometres,Country Data,ICAO,,,320952555
2020,C,ICAO,Freight volume (tonne kilometres) [9.1.2],Mode of Transport: Air,Tonne kilometres,Country Data,ICAO,,,113062820
2018,M,the International Transport Forum at the OECD (ITF-OECD),Freight volume (tonne kilometres) [9.1.2],Mode of transport: Inland waterway transport,Tonne kilometres,Modeled,the International Transport Forum at the OECD (ITF-OECD),Obs_Value = 0;  ,Obs_Value = 0;  ,0
2019,M,the International Transport Forum at the OECD (ITF-OECD),Freight volume (tonne kilometres) [9.1.2],Mode of transport: Inland waterway transport,Tonne kilometres,Modeled,the International Transport Forum at the OECD (ITF-OECD),Obs_Value = 0;  ,Obs_Value = 0;  ,0
2018,M,the International Transport Forum at the OECD (ITF-OECD),Freight volume (tonne kilometres) [9.1.2],Mode of Transport: Rail,Tonne kilometres,Modeled,the International Transport Forum at the OECD (ITF-OECD),,,5506228229
2019,M,the International Transport Forum at the OECD (ITF-OECD),Freight volume (tonne kilometres) [9.1.2],Mode of Transport: Rail,Tonne kilometres,Modeled,the International Transport Forum at the OECD (ITF-OECD),,,12430200000
2020,M,the International Transport Forum at the OECD (ITF-OECD),Freight volume (tonne kilometres) [9.1.2],Mode of Transport: Rail,Tonne kilometres,Modeled,the International Transport Forum at the OECD (ITF-OECD),,,11660000000
2018,M,the International Transport Forum at the OECD (ITF-OECD),Freight volume (tonne kilometres) [9.1.2],Mode of Transport: Road,Tonne kilometres,Modeled,the International Transport Forum at the OECD (ITF-OECD),,,8855190131
2019,M,the International Transport Forum at the OECD (ITF-OECD),Freight volume (tonne kilometres) [9.1.2],Mode of Transport: Road,Tonne kilometres,Modeled,the International Transport Forum at the OECD (ITF-OECD),,,26854400000
2020,M,the International Transport Forum at the OECD (ITF-OECD),Freight volume (tonne kilometres) [9.1.2],Mode of Transport: Road,Tonne kilometres,Modeled,the International Transport Forum at the OECD (ITF-OECD),,,25759000000
2017,C,ICAO,Passenger volume (passenger kilometres) [9.1.2],Mode of Transport: Air,Passenger kilometres,Country Data,ICAO,,,11053154941
2018,C,ICAO,Passenger volume (passenger kilometres) [9.1.2],Mode of Transport: Air,Passenger kilometres,Country Data,ICAO,,,11811427976
2019,C,ICAO,Passenger volume (passenger kilometres) [9.1.2],Mode of Transport: Air,Passenger kilometres,Country Data,ICAO,,,12480408392
2020,C,ICAO,Passenger volume (passenger kilometres) [9.1.2],Mode of Transport: Air,Passenger kilometres,Country Data,ICAO,,,3416984640
2018,M,the International Transport Forum at the OECD (ITF-OECD),Passenger volume (passenger kilometres) [9.1.2],Mode of Transport: Rail,Passenger kilometres,Modeled,the International Transport Forum at the OECD (ITF-OECD),,,46932679
2019,M,the International Transport Forum at the OECD (ITF-OECD),Passenger volume (passenger kilometres) [9.1.2],Mode of Transport: Rail,Passenger kilometres,Modeled,the International Transport Forum at the OECD (ITF-OECD),,,3990171429
2020,M,the International Transport Forum at the OECD (ITF-OECD),Passenger volume (passenger kilometres) [9.1.2],Mode of Transport: Rail,Passenger kilometres,Modeled,the International Transport Forum at the OECD (ITF-OECD),,,517000000
2018,M,the International Transport Forum at the OECD (ITF-OECD),Passenger volume (passenger kilometres) [9.1.2],Mode of Transport: Road,Passenger kilometres,Modeled,the International Transport Forum at the OECD (ITF-OECD),,,52485074340
2019,M,the International Transport Forum at the OECD (ITF-OECD),Passenger volume (passenger kilometres) [9.1.2],Mode of Transport: Road,Passenger kilometres,Modeled,the International Transport Forum at the OECD (ITF-OECD),,,63057371429
2020,M,the International Transport Forum at the OECD (ITF-OECD),Passenger volume (passenger kilometres) [9.1.2],Mode of Transport: Road,Passenger kilometres,Modeled,the International Transport Forum at the OECD (ITF-OECD),,,52780000000
2010,E,"Source: UNCTAD Review of Maritime Transport, 2021 and UNCTADstat (http://stats.unctad.org/teu).",Container port traffic (twenty-foot equivalent units - TEUs) [9.1.2],Mode of Transport: Maritime,Twenty-foot equivalent units (TEUs),Estimated,"Source: UNCTAD Review of Maritime Transport, 2021 and UNCTADstat (http://stats.unctad.org/teu).",,,695600
2011,E,"Source: UNCTAD Review of Maritime Transport, 2021 and UNCTADstat (http://stats.unctad.org/teu).",Container port traffic (twenty-foot equivalent units - TEUs) [9.1.2],Mode of Transport: Maritime,Twenty-foot equivalent units (TEUs),Estimated,"Source: UNCTAD Review of Maritime Transport, 2021 and UNCTADstat (http://stats.unctad.org/teu).",,,771000
2012,E,"Source: UNCTAD Review of Maritime Transport, 2021 and UNCTADstat (http://stats.unctad.org/teu).",Container port traffic (twenty-foot equivalent units - TEUs) [9.1.2],Mode of Transport: Maritime,Twenty-foot equivalent units (TEUs),Estimated,"Source: UNCTAD Review of Maritime Transport, 2021 and UNCTADstat (http://stats.unctad.org/teu).",,,903400
2013,E,"Source: UNCTAD Review of Maritime Transport, 2021 and UNCTADstat (http://stats.unctad.org/teu).",Container port traffic (twenty-foot equivalent units - TEUs) [9.1.2],Mode of Transport: Maritime,Twenty-foot equivalent units (TEUs),Estimated,"Source: UNCTAD Review of Maritime Transport, 2021 and UNCTADstat (http://stats.unctad.org/teu).",,,894000
2014,E,"Source: UNCTAD Review of Maritime Transport, 2021 and UNCTADstat (http://stats.unctad.org/teu).",Container port traffic (twenty-foot equivalent units - TEUs) [9.1.2],Mode of Transport: Maritime,Twenty-foot equivalent units (TEUs),Estimated,"Source: UNCTAD Review of Maritime Transport, 2021 and UNCTADstat (http://stats.unctad.org/teu).",,,1012000
2015,E,"Source: UNCTAD Review of Maritime Transport, 2021 and UNCTADstat (http://stats.unctad.org/teu).",Container port traffic (twenty-foot equivalent units - TEUs) [9.1.2],Mode of Transport: Maritime,Twenty-foot equivalent units (TEUs),Estimated,"Source: UNCTAD Review of Maritime Transport, 2021 and UNCTADstat (http://stats.unctad.org/teu).",,,1076100
2016,E,"Source: UNCTAD Review of Maritime Transport, 2021 and UNCTADstat (http://stats.unctad.org/teu).",Container port traffic (twenty-foot equivalent units - TEUs) [9.1.2],Mode of Transport: Maritime,Twenty-foot equivalent units (TEUs),Estimated,"Source: UNCTAD Review of Maritime Transport, 2021 and UNCTADstat (http://stats.unctad.org/teu).",,,1133050
2017,E,"Source: UNCTAD Review of Maritime Transport, 2021 and UNCTADstat (http://stats.unctad.org/teu).",Container port traffic (twenty-foot equivalent units - TEUs) [9.1.2],Mode of Transport: Maritime,Twenty-foot equivalent units (TEUs),Estimated,"Source: UNCTAD Review of Maritime Transport, 2021 and UNCTADstat (http://stats.unctad.org/teu).",,,1190000
2018,E,"Source: UNCTAD Review of Maritime Transport, 2021 and UNCTADstat (http://stats.unctad.org/teu).",Container port traffic (twenty-foot equivalent units - TEUs) [9.1.2],Mode of Transport: Maritime,Twenty-foot equivalent units (TEUs),Estimated,"Source: UNCTAD Review of Maritime Transport, 2021 and UNCTADstat (http://stats.unctad.org/teu).",,,1328100
2019,E,"Source: UNCTAD Review of Maritime Transport, 2021 and UNCTADstat (http://stats.unctad.org/teu).",Container port traffic (twenty-foot equivalent units - TEUs) [9.1.2],Mode of Transport: Maritime,Twenty-foot equivalent units (TEUs),Estimated,"Source: UNCTAD Review of Maritime Transport, 2021 and UNCTADstat (http://stats.unctad.org/teu).",,,1425000
2020,E,"Source: UNCTAD Review of Maritime Transport, 2021 and UNCTADstat (http://stats.unctad.org/teu).",Container port traffic (twenty-foot equivalent units - TEUs) [9.1.2],Mode of Transport: Maritime,Twenty-foot equivalent units (TEUs),Estimated,"Source: UNCTAD Review of Maritime Transport, 2021 and UNCTADstat (http://stats.unctad.org/teu).",,,1311000
